Datum;Zeit;Terminal;Schlüssel;Kundennummer;EAN;Produkt;Kategorie;Preis;MwSt
2025-03-29;11:15;A;9854787;40488;87126853;"Coca Cola 0.33l";Getränke;1.10;19
2025-03-29;12:18;A;14252568;442234;87126853;"Coca Cola 0.33l";Getränke;1.10;19
2025-03-29;13:08;A;11454183;40556;1;Essen;Speisen;4.00;19
2025-03-29;13:10;A;9825902;40544;87126853;"Coca Cola 0.33l";Getränke;1.10;19
2025-03-29;13:13;A;6107633;40524;1;Essen;Speisen;4.00;19
2025-03-29;13:13;A;11050391;351924;1;Essen;Speisen;4.00;19
2025-03-29;13:17;A;16381852;444796;1;Essen;Speisen;4.00;19
2025-03-29;13:18;A;16381852;444796;87126853;"Coca Cola 0.33l";Getränke;1.10;19
2025-03-29;13:30;A;16526365;68309;2;Kaffee;Speisen;0.50;19
2025-03-29;13:32;A;16233192;40537;1;Essen;Speisen;4.00;19
2025-03-29;13:33;A;9839906;40509;2;Kaffee;Speisen;0.50;19
2025-03-29;13:34;A;11050391;351924;2;Kaffee;Speisen;0.50;19
2025-03-29;13:37;A;9841728;40530;1;Essen;Speisen;4.00;19
2025-03-29;13:38;A;9839906;40509;4014472280132;"Bionade Naturtrüb Blutorange 0.33l";Getränke;1.30;19
2025-03-29;13:38;A;11454183;40556;2;Kaffee;Speisen;0.50;19
2025-03-29;13:38;A;14268305;40513;2;Kaffee;Speisen;0.50;19
2025-03-29;13:52;A;14268305;40513;2;Kaffee;Speisen;0.50;19
2025-03-29;13:54;A;9880987;427746;1;Essen;Speisen;4.00;19
2025-03-29;13:55;A;3037083;424547;1;Essen;Speisen;4.00;19
2025-03-29;13:55;A;3037083;424547;87126853;"Coca Cola 0.33l";Getränke;1.10;19
2025-03-29;13:55;A;16077912;40396;4463300210009;"ICAO Wettbewerbskarte Mitglied";Merchendise;12.00;19
2025-03-29;14:16;A;9854787;40488;87126853;"Coca Cola 0.33l";Getränke;1.10;19
2025-03-29;14:24;A;16352584;250430;1;Essen;Speisen;4.00;19
2025-03-29;14:55;A;11454183;40556;2;Kaffee;Speisen;0.50;19
2025-03-29;17:07;A;16381852;444796;87126853;"Coca Cola 0.33l";Getränke;1.10;19
2025-03-29;17:41;A;11454183;40556;4008948027000;"Jever Pils 0,5l";Bier;1.30;19
2025-03-29;17:49;A;9825902;40544;4260386220331;"Fläminger Radler 0,33l";Bier;1.10;19
2025-03-29;18:22;A;2258351;40393;4463300210009;""ICAO Wettbewerbskarte Mitglied"";Merchendise;12.00;19
2025-03-29;18:22;A;2258351;40393;4463300210009;"ICAO Wettbewerbskarte Mitglied";Merchendise;12.00;19
2025-03-29;18:22;A;2258351;40393;4463300210009;"ICAO Wettbewerbskarte Mitglied";Merchendise;12.00;19
2025-03-29;18:22;A;9839906;40509;4463300210009;"ICAO Wettbewerbskarte Mitglied";Merchendise;12.00;19
2025-03-29;18:23;A;13275265;245779;4463300210009;"ICAO Wettbewerbskarte Mitglied";Merchendise;12.00;19
2025-03-29;18:26;A;10946978;422870;4463300210009;"ICAO Wettbewerbskarte Mitglied";Merchendise;12.00;19
2025-03-29;18:28;A;16522289;40480;4463300210009;"ICAO Wettbewerbskarte Mitglied";Merchendise;12.00;19
2025-03-29;18:29;A;16060546;40427;4463300210009;"ICAO Wettbewerbskarte Mitglied";Merchendise;12.00;19
2025-03-29;18:31;A;14268305;40513;4463300210009;"ICAO Wettbewerbskarte Mitglied";Merchendise;12.00;19
2025-03-29;18:39;A;9854787;40488;4004160005338;Berliner Pilsner 0,5l;Getränke;1.20;19
2025-03-29;18:39;A;16163833;40478;4008948027000;"Jever Pils 0,5l";Bier;1.30;19
2025-03-29;21:42;A;11454183;40556;4008948027000;"Jever Pils 0,5l";Bier;1.30;19
2025-03-29;21:42;A;16352584;250430;4008948027000;"Jever Pils 0,5l";Bier;1.30;19
2025-03-30;09:43;A;16352584;250430;2;Kaffee;Speisen;0.50;19
2025-03-30;09:55;A;16163833;40478;2;Kaffee;Speisen;0.50;19
2025-03-30;09:56;A;16352584;250430;2;Kaffee;Speisen;0.50;19
2025-03-30;10:10;A;16352584;250430;2;Kaffee;Speisen;0.50;19
2025-03-30;10:13;A;16163833;40478;2;Kaffee;Speisen;0.50;19
2025-03-30;11:17;A;11454183;40556;2;Kaffee;Speisen;0.50;19
2025-03-30;13:41;A;16163833;40478;4014472279198;"Bionade Himbeer-Plaume 0.33l";Getränke;1.30;19
2025-03-30;13:59;A;16522289;40480;1;Essen;Speisen;3.00;19
2025-03-30;14:00;A;3037083;424547;87126853;"Coca Cola 0.33l";Getränke;1.10;19
2025-03-30;14:00;A;3037083;424547;1;Essen;Speisen;3.00;19
2025-03-30;14:02;A;16163833;40478;1;Essen;Speisen;3.00;19
2025-03-30;14:48;A;11454183;40556;1;Essen;Speisen;3.00;19
2025-03-30;14:48;A;11500614;154172;1;Essen;Speisen;3.00;19
2025-03-30;14:49;A;2258351;40393;1;Essen;Speisen;3.00;19
2025-03-30;14:49;A;14404349;40489;1;Essen;Speisen;3.00;19
2025-03-30;14:50;A;14252568;442234;1;Essen;Speisen;3.00;19
2025-03-30;14:51;A;16352584;250430;1;Essen;Speisen;3.00;19
2025-03-30;15:06;A;11500614;154172;2;Kaffee;Speisen;0.50;19
2025-03-30;15:23;A;11454183;40556;2;Kaffee;Speisen;0.50;19
2025-03-30;15:25;A;16163833;40478;2;Kaffee;Speisen;0.50;19
2025-03-30;15:25;A;16163833;40478;2;Kaffee;Speisen;0.50;19
2025-03-30;17:21;A;16352584;250430;4014472279198;"Bionade Himbeer-Plaume 0.33l";Getränke;1.30;19
2025-04-04;19:39;A;9812207;40542;4002103000013;"Erdinger Weißbier 0.5l";Bier;1.50;19
2025-04-04;19:39;A;9812207;40542;4002103000013;"Erdinger Weißbier 0.5l";Bier;1.50;19
2025-04-04;19:39;A;9812207;40542;4002103000013;"Erdinger Weißbier 0.5l";Bier;1.50;19
2025-04-04;19:39;A;9812207;40542;4002103000013;"Erdinger Weißbier 0.5l";Bier;1.50;19
2025-04-04;19:39;A;9812207;40542;4004160005338;Berliner Pilsner 0,5l;Getränke;1.20;19
2025-04-04;19:45;A;16352584;250430;4004160005338;Berliner Pilsner 0,5l;Getränke;1.20;19
2025-04-04;19:46;A;16352584;250430;4008948027000;"Jever Pils 0,5l";Bier;1.30;19
2025-04-04;19:58;A;13275265;245779;4002103019107;Erdinger Alkoholfrei 0.5l;Bier;1.50;19
2025-04-04;20:47;A;16163833;40478;4008948027000;"Jever Pils 0,5l";Bier;1.30;19
2025-04-04;21:05;A;9854787;40488;4008948027000;"Jever Pils 0,5l";Bier;1.30;19
2025-04-04;21:05;A;9854787;40488;87126853;"Coca Cola 0.33l";Getränke;1.10;19
2025-04-05;08:37;A;16352584;250430;2;Kaffee;Speisen;0.50;19
2025-04-05;08:46;A;16352584;250430;2;Kaffee;Speisen;0.50;19
2025-04-05;08:57;A;16163833;40478;2;Kaffee;Speisen;0.50;19
2025-04-05;08:57;A;16163833;40478;2;Kaffee;Speisen;0.50;19
2025-04-05;08:57;A;16163833;40478;2;Kaffee;Speisen;0.50;19
2025-04-05;09:02;A;16352584;250430;2;Kaffee;Speisen;0.50;19
2025-04-05;09:04;A;9812207;40542;2;Kaffee;Speisen;0.50;19
2025-04-05;09:04;A;9812207;40542;2;Kaffee;Speisen;0.50;19
2025-04-05;09:07;A;16332365;40535;2;Kaffee;Speisen;0.50;19
2025-04-05;09:09;A;7305955;454724;2;Kaffee;Speisen;0.50;19
2025-04-05;09:42;A;16039545;40390;4463300210009;"ICAO Wettbewerbskarte Mitglied";Merchendise;12.00;19
2025-04-05;10:44;A;6353759;460336;2;Kaffee;Speisen;0.50;19
2025-04-05;11:18;A;9854787;40488;2;Kaffee;Speisen;0.50;19
2025-04-05;11:20;A;2999285;40437;2;Kaffee;Speisen;0.50;19
2025-04-05;11:20;A;11454183;40556;2;Kaffee;Speisen;0.50;19
2025-04-05;11:20;A;11454183;40556;2;Kaffee;Speisen;0.50;19
2025-04-05;11:20;A;14268305;40513;2;Kaffee;Speisen;0.50;19
2025-04-05;11:21;A;16163833;40478;2;Kaffee;Speisen;0.50;19
2025-04-05;11:39;A;16352584;250430;4013256642722;"Lichtenauer - medium - 0.5l";Wasser;0.85;19
2025-04-05;13:28;A;14252568;442234;1;Essen;Speisen;5.50;19
2025-04-05;13:28;A;16407017;483953;1;Essen;Speisen;5.50;19
2025-04-05;13:33;A;11454183;40556;1;Essen;Speisen;5.50;19
2025-04-05;13:43;A;14252568;442234;87126853;"Coca Cola 0.33l";Getränke;1.10;19
2025-04-05;13:51;A;10861973;40546;1;Essen;Speisen;5.50;19
2025-04-05;13:52;A;7305955;454724;1;Essen;Speisen;5.50;19
2025-04-05;13:52;A;7305955;454724;87126853;"Coca Cola 0.33l";Getränke;1.10;19
2025-04-05;13:54;A;9840658;474727;1;Essen;Speisen;5.50;19
2025-04-05;13:54;A;9840658;474727;87126853;"Coca Cola 0.33l";Getränke;1.10;19
2025-04-05;13:55;A;16246115;268498;1;Essen;Speisen;5.50;19
2025-04-05;14:01;A;10861973;40546;2;Kaffee;Speisen;0.50;19
2025-04-05;14:09;A;13784702;452447;1;Essen;Speisen;5.50;19
2025-04-05;14:11;A;13784702;452447;87126860;"Fanta 0,33l";Getränke;1.10;19
2025-04-05;14:15;A;9840658;474727;87126853;"Coca Cola 0.33l";Getränke;1.10;19
2025-04-05;14:20;A;6353759;460336;1;Essen;Speisen;5.50;19
2025-04-05;14:21;A;6353759;460336;87126853;"Coca Cola 0.33l";Getränke;1.10;19
2025-04-05;14:32;A;9880987;427746;1;Essen;Speisen;5.50;19
2025-04-05;14:35;A;16480900;40458;1;Essen;Speisen;5.50;19
2025-04-05;14:35;A;16480900;40458;1;Essen;Speisen;5.50;19
2025-04-05;14:35;A;16480900;40458;1;Essen;Speisen;5.50;19
2025-04-05;14:54;A;16480900;40458;87126860;"Fanta 0,33l";Getränke;1.10;19
2025-04-05;15:00;A;11454183;40556;90357879;"Cola Zero 0.33l";Getränke;1.10;19
2025-04-05;15:13;A;9812207;40542;1;Essen;Speisen;5.50;19
2025-04-05;15:13;A;9812207;40542;1;Essen;Speisen;5.50;19
2025-04-05;15:13;A;9812207;40542;1;Essen;Speisen;5.50;19
2025-04-05;15:56;A;6107633;40524;1;Essen;Speisen;5.50;19
2025-04-05;15:56;A;6107633;40524;1;Essen;Speisen;5.50;19
2025-04-05;15:58;A;2999285;40437;87126860;"Fanta 0,33l";Getränke;1.10;19
2025-04-05;16:10;A;2999285;40437;2;Kaffee;Speisen;0.50;19
2025-04-05;16:10;A;2999285;40437;2;Kaffee;Speisen;0.50;19
2025-04-05;16:10;A;2999285;40437;2;Kaffee;Speisen;0.50;19
2025-04-05;16:27;A;16352584;250430;1;Essen;Speisen;5.50;19
2025-04-05;16:57;A;9854787;40488;4014388001036;"Radeberger Pilsender 0.5l";Bier;1.20;19
2025-04-05;16:57;A;9854787;40488;1;Essen;Speisen;5.50;19
2025-04-05;17:15;A;11454183;40556;4008948027000;"Jever Pils 0,5l";Bier;1.30;19
2025-04-05;17:28;A;16246115;268498;4260386220331;"Fläminger Radler 0,33l";Bier;1.10;19
2025-04-05;17:56;A;16163833;40478;4002103000013;"Erdinger Weißbier 0.5l";Bier;1.50;19
2025-04-05;17:57;A;9854787;40488;4002103000013;"Erdinger Weißbier 0.5l";Bier;1.50;19
2025-04-05;18:07;A;16060546;40427;1;Essen;Speisen;5.50;19
2025-04-05;18:24;A;7305955;454724;2;Kaffee;Speisen;0.50;19
2025-04-05;18:24;A;7305955;454724;2;Kaffee;Speisen;0.50;19
2025-04-05;18:24;A;7305955;454724;2;Kaffee;Speisen;0.50;19
2025-04-05;18:24;A;7305955;454724;2;Kaffee;Speisen;0.50;19
2025-04-05;18:31;A;16339774;40428;1;Essen;Speisen;5.50;19
2025-04-05;18:58;A;2999285;40437;3;Kuchen;Speisen;1.00;19
2025-04-05;19:05;A;11454183;40556;4008948027000;"Jever Pils 0,5l";Bier;1.30;19
2025-04-05;19:08;A;16098978;40557;4463300210009;"ICAO Wettbewerbskarte Mitglied";Merchendise;12.00;19
2025-04-05;19:15;A;6353759;460336;2;Kaffee;Speisen;0.50;19
2025-04-05;19:16;A;6353759;460336;2;Kaffee;Speisen;0.50;19
2025-04-05;19:35;A;16163833;40478;1;Essen;Speisen;5.50;19
2025-04-05;19:37;A;16407017;483953;4463300210993;Wendehut;Merchendise;10.00;19
2025-04-05;19:37;A;16407017;483953;9990000000000;Direktbuchung;Direktbuchung;1.10;19
2025-04-05;19:38;A;13784702;452447;3;Kuchen;Speisen;1.00;19
2025-04-05;19:38;A;13784702;452447;87126853;"Coca Cola 0.33l";Getränke;1.10;19
2025-04-05;19:38;A;13784702;452447;4014472279198;"Bionade Himbeer-Plaume 0.33l";Getränke;1.30;19
2025-04-05;19:39;A;16332365;40535;1;Essen;Speisen;5.50;19
2025-04-05;19:39;A;16332365;40535;2;Kaffee;Speisen;0.50;19
2025-04-05;19:39;A;16332365;40535;2;Kaffee;Speisen;0.50;19
2025-04-05;19:39;A;16332365;40535;9990000000000;Direktbuchung;Direktbuchung;0.50;19
2025-04-05;19:44;A;16163833;40478;4008948027000;"Jever Pils 0,5l";Bier;1.30;19
2025-04-05;19:53;A;16381852;444796;1;Essen;Speisen;5.50;19
2025-04-05;19:57;A;16158555;417912;2;Kaffee;Speisen;0.50;19
2025-04-05;19:57;A;16352584;250430;4008948027000;"Jever Pils 0,5l";Bier;1.30;19
2025-04-05;19:58;A;14252568;442234;3;Kuchen;Speisen;1.00;19
2025-04-05;19:58;A;14252568;442234;87126853;"Coca Cola 0.33l";Getränke;1.10;19
2025-04-05;20:03;A;9854787;40488;4002103000013;"Erdinger Weißbier 0.5l";Bier;1.50;19
2025-04-05;20:09;A;16381852;444796;87126860;"Fanta 0,33l";Getränke;1.10;19
2025-04-05;20:09;A;16381852;444796;87126860;"Fanta 0,33l";Getränke;1.10;19
2025-04-05;20:10;A;16407017;483953;87126853;"Coca Cola 0.33l";Getränke;1.10;19
2025-04-05;20:22;A;9812207;40542;4002103019107;Erdinger Alkoholfrei 0.5l;Bier;1.50;19
2025-04-05;20:22;A;11454183;40556;4008948027000;"Jever Pils 0,5l";Bier;1.30;19
2025-04-05;20:39;A;16163833;40478;4002103000013;"Erdinger Weißbier 0.5l";Bier;1.50;19
2025-04-05;21:57;A;14252568;442234;4260386220331;"Fläminger Radler 0,33l";Bier;1.10;19
2025-04-05;22:02;A;16332365;40535;4002103019107;Erdinger Alkoholfrei 0.5l;Bier;1.50;19
2025-04-05;22:05;A;16163833;40478;4008948027000;"Jever Pils 0,5l";Bier;1.30;19
2025-04-06;08:40;A;16352584;250430;2;Kaffee;Speisen;0.50;19
2025-04-06;08:48;A;16352584;250430;2;Kaffee;Speisen;0.50;19
2025-04-06;08:49;A;9839906;40509;2;Kaffee;Speisen;0.50;19
2025-04-06;08:52;A;9812207;40542;2;Kaffee;Speisen;0.50;19
2025-04-06;08:57;A;9812207;40542;2;Kaffee;Speisen;0.50;19
2025-04-06;09:03;A;16352584;250430;2;Kaffee;Speisen;0.50;19
2025-04-06;09:04;A;16163833;40478;2;Kaffee;Speisen;0.50;19
2025-04-06;09:04;A;16381852;444796;2;Kaffee;Speisen;0.50;19
2025-04-06;09:19;A;3037083;424547;2;Kaffee;Speisen;0.50;19
2025-04-06;09:20;A;16522289;40480;2;Kaffee;Speisen;0.50;19
2025-04-06;09:38;A;9854787;40488;4013256642012;"Lichtenauer - spritzig - 0.5l";Wasser;0.85;19
2025-04-06;09:38;A;9854787;40488;4013256642012;"Lichtenauer - spritzig - 0.5l";Wasser;0.85;19
2025-04-06;09:38;A;9854787;40488;4013256642012;"Lichtenauer - spritzig - 0.5l";Wasser;0.85;19
2025-04-06;10:22;A;11454183;40556;2;Kaffee;Speisen;0.50;19
2025-04-06;10:23;A;11454183;40556;90357879;""Cola Zero 0.33l"";Getränke;1.10;19
2025-04-06;10:38;A;16332365;40535;2;Kaffee;Speisen;0.50;19
2025-04-06;10:57;A;16163833;40478;4014472002512;"Bionade Holunder 0.33l";Getränke;1.30;19
2025-04-06;10:57;A;16163833;40478;1;Essen;Speisen;5.00;19
2025-04-06;12:41;A;11454183;40556;2;Kaffee;Speisen;0.50;19
2025-04-06;13:25;A;16407017;483953;1;Essen;Speisen;5.00;19
2025-04-06;13:25;A;16407017;483953;2;Kaffee;Speisen;0.50;19
2025-04-06;13:26;A;13784702;452447;1;Essen;Speisen;5.50;19
2025-04-06;13:26;A;13784702;452447;1;Essen;Speisen;5.50;19
2025-04-06;13:28;A;11454183;40556;90357879;"Cola Zero 0.33l";Getränke;1.10;19
2025-04-06;13:34;A;3037083;424547;1;Essen;Speisen;5.50;19
2025-04-06;13:35;A;16090866;415794;87126853;"Coca Cola 0.33l";Getränke;1.10;19
2025-04-06;13:35;A;16090866;415794;87126853;"Coca Cola 0.33l";Getränke;1.10;19
2025-04-06;13:35;A;16522289;40480;9990000000000;Direktbuchung;Direktbuchung;5.50;19
2025-04-06;13:46;A;11454183;40556;1;Essen;Speisen;5.50;19
2025-04-06;13:51;A;16163833;40478;1;Essen;Speisen;5.50;19
2025-04-06;13:51;A;16163833;40478;4014472279198;"Bionade Himbeer-Plaume 0.33l";Getränke;1.30;19
2025-04-06;13:54;A;16332365;40535;1;Essen;Speisen;5.50;19
2025-04-06;14:05;A;16522289;40480;2;Kaffee;Speisen;0.50;19
2025-04-06;14:26;A;11454183;40556;2;Kaffee;Speisen;0.50;19
2025-04-06;14:44;A;16098978;40557;1;Essen;Speisen;5.50;19
2025-04-06;15:24;A;9854787;40488;2;Kaffee;Speisen;0.50;19
2025-04-06;15:24;A;9854787;40488;4002103000013;"Erdinger Weißbier 0.5l";Bier;1.50;19
2025-04-06;15:24;A;9880987;427746;1;Essen;Speisen;5.50;19
2025-04-06;16:10;A;16381852;444796;1;Essen;Speisen;5.50;19
2025-04-06;17:01;A;9854787;40488;4002103000013;"Erdinger Weißbier 0.5l";Bier;1.50;19
2025-04-06;17:01;A;9854787;40488;90357879;"Cola Zero 0.33l";Getränke;1.10;19
2025-04-06;17:54;A;9839906;40509;2;Kaffee;Speisen;0.50;19
2025-04-06;17:54;A;9839906;40509;3;Kuchen;Speisen;0.50;19
2025-04-06;18:13;A;16098978;40557;4014388001036;"Radeberger Pilsender 0.5l";Bier;1.20;19
2025-04-06;18:20;A;9812207;40542;90357879;"Cola Zero 0.33l";Getränke;1.10;19
2025-04-06;18:42;A;16407017;483953;3;Kuchen;Speisen;0.50;19
2025-04-06;18:44;A;11454183;40556;4014388001036;"Radeberger Pilsender 0.5l";Bier;1.20;19
2025-04-06;18:44;A;11454183;40556;4014388001036;"Radeberger Pilsender 0.5l";Bier;1.20;19
2025-04-06;18:58;A;16522289;40480;4260386220331;"Fläminger Radler 0,33l";Bier;1.10;19
2025-04-10;20:58;A;16163833;40478;4008948027000;"Jever Pils 0,5l";Bier;1.30;19
2025-04-10;22:20;A;16163833;40478;4014388001036;"Radeberger Pilsender 0.5l";Bier;1.20;19
2025-04-11;15:06;A;16163833;40478;4014472280132;"Bionade Naturtrüb Blutorange 0.33l";Getränke;1.30;19
2025-04-11;19:37;A;16163833;40478;4014388001036;"Radeberger Pilsender 0.5l";Bier;1.20;19
2025-04-11;19:37;A;16352584;250430;4008948027000;"Jever Pils 0,5l";Bier;1.30;19
2025-04-11;20:22;A;16163833;40478;4002103000013;"Erdinger Weißbier 0.5l";Bier;1.50;19
2025-04-11;22:49;A;16352584;250430;4008948027000;"Jever Pils 0,5l";Bier;1.30;19
2025-04-11;22:50;A;16163833;40478;4008948027000;"Jever Pils 0,5l";Bier;1.30;19
2025-04-12;00:43;A;16352584;250430;4008948027000;"Jever Pils 0,5l";Bier;1.30;19
2025-04-12;08:26;A;16226391;406509;2;Kaffee;Speisen;0.50;19
2025-04-12;08:26;A;16226391;406509;2;Kaffee;Speisen;0.50;19
2025-04-12;08:48;A;16352584;250430;2;Kaffee;Speisen;0.50;19
2025-04-12;08:53;A;16226391;406509;2;Kaffee;Speisen;0.50;19
2025-04-12;08:55;A;16163833;40478;2;Kaffee;Speisen;0.50;19
2025-04-12;09:00;A;16352584;250430;2;Kaffee;Speisen;0.50;19
2025-04-12;09:01;A;16226391;406509;2;Kaffee;Speisen;0.50;19
2025-04-12;09:10;A;16407017;483953;87126853;"Coca Cola 0.33l";Getränke;1.10;19
2025-04-12;09:34;A;16090866;415794;87126853;"Coca Cola 0.33l";Getränke;1.10;19
2025-04-12;11:04;A;16163833;40478;2;Kaffee;Speisen;0.50;19
2025-04-12;11:37;A;3037083;424547;2;Kaffee;Speisen;0.50;19
2025-04-12;13:44;A;6083503;422246;1;Essen;Speisen;5.50;19
2025-04-12;13:45;A;9871926;251686;1;Essen;Speisen;5.50;19
2025-04-12;13:45;A;16163833;40478;1;Essen;Speisen;5.50;19
2025-04-12;13:45;A;16522289;40480;1;Essen;Speisen;5.50;19
2025-04-12;13:46;A;11500614;154172;1;Essen;Speisen;5.50;19
2025-04-12;13:46;A;16163833;40478;4014472279198;"Bionade Himbeer-Plaume 0.33l";Getränke;1.30;19
2025-04-12;13:46;A;16339774;40428;1;Essen;Speisen;5.50;19
2025-04-12;13:46;A;16381852;444796;1;Essen;Speisen;5.50;19
2025-04-12;13:47;A;6083503;422246;90357879;"Cola Zero 0.33l";Getränke;1.10;19
2025-04-12;13:47;A;16339774;40428;87126853;"Coca Cola 0.33l";Getränke;1.10;19
2025-04-12;13:48;A;6333307;448475;1;Essen;Speisen;5.50;19
2025-04-12;13:48;A;11500614;154172;87126853;"Coca Cola 0.33l";Getränke;1.10;19
2025-04-12;13:50;A;16407017;483953;1;Essen;Speisen;5.50;19
2025-04-12;13:50;A;16407017;483953;87126853;"Coca Cola 0.33l";Getränke;1.10;19
2025-04-12;13:52;A;16352584;250430;1;Essen;Speisen;5.50;19
2025-04-12;13:56;A;16226391;406509;1;Essen;Speisen;5.50;19
2025-04-12;13:57;A;3037083;424547;1;Essen;Speisen;5.50;19
2025-04-12;13:58;A;16098978;40557;1;Essen;Speisen;5.50;19
2025-04-12;13:59;A;2258351;40393;1;Essen;Speisen;5.50;19
2025-04-12;14:02;A;16332365;40535;1;Essen;Speisen;5.50;19
2025-04-12;14:03;A;16226391;406509;4013256642012;"Lichtenauer - spritzig - 0.5l";Wasser;0.85;19
2025-04-12;14:14;A;11028660;497092;1;Essen;Speisen;5.50;19
2025-04-12;14:18;A;11028660;497092;87126860;"Fanta 0,33l";Getränke;1.10;19
2025-04-12;14:18;A;11028660;497092;2;Kaffee;Speisen;0.50;19
2025-04-12;14:20;A;3037083;424547;2;Kaffee;Speisen;0.50;19
2025-04-12;14:24;A;16332365;40535;2;Kaffee;Speisen;0.50;19
2025-04-12;14:24;A;16332365;40535;2;Kaffee;Speisen;0.50;19
2025-04-12;14:31;A;16332365;40535;2;Kaffee;Speisen;0.50;19
2025-04-12;15:45;A;16339774;40428;1;Essen;Speisen;5.50;19
2025-04-12;15:45;A;16339774;40428;87126853;"Coca Cola 0.33l";Getränke;1.10;19
2025-04-12;16:43;A;16163833;40478;4013256642012;"Lichtenauer - spritzig - 0.5l";Wasser;0.85;19
2025-04-12;16:43;A;16163833;40478;4014472279198;"Bionade Himbeer-Plaume 0.33l";Getränke;1.30;19
2025-04-12;18:28;A;6083503;422246;90357879;"Cola Zero 0.33l";Getränke;1.10;19
2025-04-12;19:19;A;6333307;448475;2;Kaffee;Speisen;0.50;19
2025-04-12;19:45;A;16407017;483953;87126853;"Coca Cola 0.33l";Getränke;1.10;19
2025-04-12;19:52;A;3037083;424547;4002103000013;"Erdinger Weißbier 0.5l";Bier;1.50;19
2025-04-12;20:00;A;16332365;40535;4463300320005;"Kullerkasten gemischt";Getränke;23.00;19
2025-04-12;20:33;A;16163833;40478;4002103000013;"Erdinger Weißbier 0.5l";Bier;1.50;19
2025-04-12;21:12;A;16352584;250430;4008948027000;"Jever Pils 0,5l";Bier;1.30;19
2025-04-13;08:42;A;16352584;250430;2;Kaffee;Speisen;0.50;19
2025-04-13;08:45;A;16522289;40480;2;Kaffee;Speisen;0.50;19
2025-04-13;08:45;A;16522289;40480;2;Kaffee;Speisen;0.50;19
2025-04-13;08:46;A;16352584;250430;2;Kaffee;Speisen;0.50;19
2025-04-13;08:47;A;16163833;40478;2;Kaffee;Speisen;0.50;19
2025-04-13;08:53;A;16332365;40535;2;Kaffee;Speisen;0.50;19
2025-04-13;08:53;A;16332365;40535;2;Kaffee;Speisen;0.50;19
2025-04-13;08:53;A;16339774;40428;2;Kaffee;Speisen;0.50;19
2025-04-13;08:59;A;16352584;250430;2;Kaffee;Speisen;0.50;19
2025-04-13;09:06;A;14404349;40489;2;Kaffee;Speisen;0.50;19
2025-04-13;09:12;A;16332365;40535;2;Kaffee;Speisen;0.50;19
2025-04-13;10:00;A;16339774;40428;2;Kaffee;Speisen;0.50;19
2025-04-13;10:19;A;16407017;483953;4013256642012;"Lichtenauer - spritzig - 0.5l";Wasser;0.85;19
2025-04-13;11:37;A;9871926;251686;4014472279198;"Bionade Himbeer-Plaume 0.33l";Getränke;1.30;19
2025-04-13;11:48;A;9776980;470789;50112135;Sprite Zitrone Limette 0.33l;Getränke;1.10;19
2025-04-13;11:48;A;16233192;40537;50112135;Sprite Zitrone Limette 0.33l;Getränke;1.10;19
2025-04-13;11:50;A;16163833;40478;4014472280132;"Bionade Naturtrüb Blutorange 0.33l";Getränke;1.30;19
2025-04-13;12:00;A;16233192;40537;50112135;Sprite Zitrone Limette 0.33l;Getränke;1.10;19
2025-04-13;12:33;A;10667856;40450;2;Kaffee;Speisen;0.50;19
2025-04-13;12:45;A;13784702;452447;50112135;Sprite Zitrone Limette 0.33l;Getränke;1.10;19
2025-04-13;12:45;A;13784702;452447;50112135;Sprite Zitrone Limette 0.33l;Getränke;1.10;19
2025-04-13;13:21;A;16339774;40428;1;Essen;Speisen;5.50;19
2025-04-13;13:23;A;16339774;40428;1;Essen;Speisen;5.50;19
2025-04-13;13:30;A;14404349;40489;1;Essen;Speisen;5.50;19
2025-04-13;13:30;A;14404349;40489;1;Essen;Speisen;5.50;19
2025-04-13;13:31;A;16381852;444796;87126860;"Fanta 0,33l";Getränke;1.10;19
2025-04-13;13:31;A;16381852;444796;87126860;"Fanta 0,33l";Getränke;1.10;19
2025-04-13;13:31;A;16381852;444796;1;Essen;Speisen;5.50;19
2025-04-13;13:35;A;6107633;40524;1;Essen;Speisen;5.50;19
2025-04-13;13:35;A;6107633;40524;1;Essen;Speisen;5.50;19
2025-04-13;13:39;A;9776980;470789;1;Essen;Speisen;5.50;19
2025-04-13;13:39;A;16332365;40535;1;Essen;Speisen;5.50;19
2025-04-13;13:40;A;16226391;406509;1;Essen;Speisen;5.50;19
2025-04-13;13:41;A;13784702;452447;1;Essen;Speisen;5.50;19
2025-04-13;13:42;A;13784702;452447;87126860;"Fanta 0,33l";Getränke;1.10;19
2025-04-13;13:42;A;16060546;40427;1;Essen;Speisen;5.50;19
2025-04-13;13:42;B;16163833;40478;1;Essen;Speisen;5.50;19
2025-04-13;13:43;A;11028660;497092;87126860;"Fanta 0,33l";Getränke;1.10;19
2025-04-13;13:44;A;16163833;40478;4014472279198;"Bionade Himbeer-Plaume 0.33l";Getränke;1.30;19
2025-04-13;13:45;A;9776980;470789;90357879;"Cola Zero 0.33l";Getränke;1.10;19
2025-04-13;13:46;A;16407017;483953;87126853;"Coca Cola 0.33l";Getränke;1.10;19
2025-04-13;13:47;A;6083503;422246;1;Essen;Speisen;5.50;19
2025-04-13;13:47;A;16226391;406509;1;Essen;Speisen;5.50;19
2025-04-13;13:47;A;16226391;406509;4013256642722;"Lichtenauer - medium - 0.5l";Wasser;0.85;19
2025-04-13;13:48;A;16246115;268498;1;Essen;Speisen;5.50;19
2025-04-13;13:49;A;10861973;40546;1;Essen;Speisen;5.50;19
2025-04-13;13:49;A;16522289;40480;1;Essen;Speisen;5.50;19
2025-04-13;13:49;A;16522289;40480;1;Essen;Speisen;5.50;19
2025-04-13;13:54;A;16134532;473961;1;Essen;Speisen;5.50;19
2025-04-13;13:54;A;16134532;473961;4002103019107;Erdinger Alkoholfrei 0.5l;Bier;1.50;19
2025-04-13;13:55;A;16332365;40535;2;Kaffee;Speisen;0.50;19
2025-04-13;13:55;A;16332365;40535;2;Kaffee;Speisen;0.50;19
2025-04-13;14:03;A;16522289;40480;2;Kaffee;Speisen;0.50;19
2025-04-13;14:03;A;16522289;40480;2;Kaffee;Speisen;0.50;19
2025-04-13;14:04;A;10861973;40546;2;Kaffee;Speisen;0.50;19
2025-04-13;14:09;A;6343943;485462;1;Essen;Speisen;5.50;19
2025-04-13;14:09;A;6343943;485462;9990000000000;Direktbuchung;Direktbuchung;8.00;19
2025-04-13;15:22;B;16163833;40478;2;Kaffee;Speisen;0.50;19
2025-04-13;15:26;B;16332365;40535;2;Kaffee;Speisen;0.50;19
2025-04-13;16:08;B;16060546;40427;2;Kaffee;Speisen;0.50;19
2025-04-13;18:25;A;6107633;40524;5449000017888;CocaCola - 1l;Getränke;2.00;19
2025-04-13;18:25;A;6107633;40524;4463300210009;"ICAO Wettbewerbskarte Mitglied";Merchendise;12.00;19
2025-04-13;18:25;A;6107633;40524;4463300210009;"ICAO Wettbewerbskarte Mitglied";Merchendise;12.00;19
2025-04-13;18:47;A;14404349;40489;4014388001036;"Radeberger Pilsender 0.5l";Bier;1.20;19
2025-04-13;18:54;A;9871926;251686;1;Essen;Speisen;5.50;19
2025-04-13;18:54;A;9871926;251686;2;Kaffee;Speisen;0.50;19
2025-04-13;18:54;A;9871926;251686;2;Kaffee;Speisen;0.50;19
2025-04-13;18:54;A;9871926;251686;2;Kaffee;Speisen;0.50;19
2025-04-13;18:55;A;9871926;251686;4260386220331;"Fläminger Radler 0,33l";Bier;1.10;19
2025-04-13;18:55;A;14252568;442234;4260386220331;"Fläminger Radler 0,33l";Bier;1.10;19
2025-04-13;18:55;A;16163833;40478;4002103000013;"Erdinger Weißbier 0.5l";Bier;1.50;19
2025-04-13;19:01;A;13784702;452447;87126853;"Coca Cola 0.33l";Getränke;1.10;19
2025-04-13;19:33;A;6083503;422246;90357879;"Cola Zero 0.33l";Getränke;1.10;19
2025-04-13;20:23;A;16407017;483953;87126853;"Coca Cola 0.33l";Getränke;1.10;19
2025-04-14;08:29;A;16352584;250430;2;Kaffee;Speisen;0.50;19
2025-04-14;08:32;A;16526365;68309;2;Kaffee;Speisen;0.50;19
2025-04-14;08:33;A;16352584;250430;4463300210009;"ICAO Wettbewerbskarte Mitglied";Merchendise;12.00;19
2025-04-14;08:48;A;16352584;250430;2;Kaffee;Speisen;0.50;19
2025-04-14;08:49;A;16226391;406509;2;Kaffee;Speisen;0.50;19
2025-04-14;08:49;A;16226391;406509;2;Kaffee;Speisen;0.50;19
2025-04-14;08:58;A;16060546;40427;2;Kaffee;Speisen;0.50;19
2025-04-14;08:58;A;16163833;40478;2;Kaffee;Speisen;0.50;19
2025-04-14;09:03;A;6313059;452448;87126853;"Coca Cola 0.33l";Getränke;1.10;19
2025-04-14;09:07;A;16352584;250430;2;Kaffee;Speisen;0.50;19
2025-04-14;09:26;A;16163833;40478;2;Kaffee;Speisen;0.50;19
2025-04-14;09:35;A;13784702;452447;4463300210009;"ICAO Wettbewerbskarte Mitglied";Merchendise;12.00;19
2025-04-14;10:24;A;3046347;40387;4463300210009;"ICAO Wettbewerbskarte Mitglied";Merchendise;12.00;19
2025-04-14;10:43;A;16246115;268498;4463300210009;"ICAO Wettbewerbskarte Mitglied";Merchendise;12.00;19
2025-04-14;11:29;A;16163833;40478;4014472279198;"Bionade Himbeer-Plaume 0.33l";Getränke;1.30;19
2025-04-14;11:38;A;3037083;424547;50112135;Sprite Zitrone Limette 0.33l;Getränke;1.10;19
2025-04-14;11:38;A;3037083;424547;50112135;Sprite Zitrone Limette 0.33l;Getränke;1.10;19
2025-04-14;11:38;A;16246115;268498;50112135;Sprite Zitrone Limette 0.33l;Getränke;1.10;19
2025-04-14;11:49;B;13784702;452447;4053400201634;"Bionade Schwarze Joh 0,33l";Getränke;1.30;19
2025-04-14;11:49;B;16407017;483953;4014472280132;"Bionade Naturtrüb Blutorange 0.33l";Getränke;1.30;19
2025-04-14;11:50;A;13433086;421867;4463300210009;"ICAO Wettbewerbskarte Mitglied";Merchendise;12.00;19
2025-04-14;11:52;B;9776980;470789;50112135;Sprite Zitrone Limette 0.33l;Getränke;1.10;19
2025-04-14;11:54;A;9880987;427746;4463300210009;"ICAO Wettbewerbskarte Mitglied";Merchendise;12.00;19
2025-04-14;11:57;A;16163833;40478;1;Essen;Speisen;4.00;19
2025-04-14;12:12;B;6313059;452448;87126860;"Fanta 0,33l";Getränke;1.10;19
2025-04-14;12:13;A;16163833;40478;4013256642722;"Lichtenauer - medium - 0.5l";Wasser;0.85;19
2025-04-14;12:13;A;16163833;40478;4013256642012;"Lichtenauer - spritzig - 0.5l";Wasser;0.85;19
2025-04-14;12:13;A;16163833;40478;4013256642012;"Lichtenauer - spritzig - 0.5l";Wasser;0.85;19
2025-04-14;13:06;A;6083503;422246;1;Essen;Speisen;4.50;19
2025-04-14;13:06;A;6083503;422246;90357879;"Cola Zero 0.33l";Getränke;1.10;19
2025-04-14;13:07;A;16246115;268498;1;Essen;Speisen;4.50;19
2025-04-14;13:08;A;3037083;424547;87126853;"Coca Cola 0.33l";Getränke;1.10;19
2025-04-14;13:08;A;3037083;424547;87126853;"Coca Cola 0.33l";Getränke;1.10;19
2025-04-14;13:09;A;3037083;424547;1;Essen;Speisen;4.50;19
2025-04-14;13:09;A;3037083;424547;1;Essen;Speisen;4.50;19
2025-04-14;13:09;A;16163833;40478;4463300210009;"ICAO Wettbewerbskarte Mitglied";Merchendise;12.00;19
2025-04-14;13:14;A;3037083;424547;87126853;"Coca Cola 0.33l";Getränke;1.10;19
2025-04-14;13:15;A;9776980;470789;1;Essen;Speisen;4.50;19
2025-04-14;13:16;A;9776980;470789;90357879;"Cola Zero 0.33l";Getränke;1.10;19
2025-04-14;13:16;A;13784702;452447;1;Essen;Speisen;4.50;19
2025-04-14;13:17;A;6313059;452448;1;Essen;Speisen;4.50;19
2025-04-14;13:24;A;16060546;40427;1;Essen;Speisen;4.50;19
2025-04-14;13:32;A;2258351;40393;1;Essen;Speisen;4.50;19
2025-04-14;13:32;A;11028660;497092;87126860;"Fanta 0,33l";Getränke;1.10;19
2025-04-14;13:32;A;11028660;497092;1;Essen;Speisen;4.50;19
2025-04-14;13:33;A;16407017;483953;1;Essen;Speisen;4.50;19
2025-04-14;13:33;A;16407017;483953;87126853;"Coca Cola 0.33l";Getränke;1.10;19
2025-04-14;13:36;A;11028660;497092;1;Essen;Speisen;4.50;19
2025-04-14;13:36;A;16125986;428048;1;Essen;Speisen;4.50;19
2025-04-14;13:36;A;16381852;444796;1;Essen;Speisen;4.50;19
2025-04-14;13:49;A;16381852;444796;87126860;"Fanta 0,33l";Getränke;1.10;19
2025-04-14;14:03;B;16526365;68309;1;Essen;Speisen;4.50;19
2025-04-14;14:32;A;3046347;40387;1;Essen;Speisen;4.50;19
2025-04-14;14:42;A;3037083;424547;87126860;"Fanta 0,33l";Getränke;1.10;19
2025-04-14;15:09;A;9871926;251686;1;Essen;Speisen;4.50;19
2025-04-14;15:30;A;9871926;251686;4014472279198;"Bionade Himbeer-Plaume 0.33l";Getränke;1.30;19
2025-04-14;15:30;A;9871926;251686;4014472002512;"Bionade Holunder 0.33l";Getränke;1.30;19
2025-04-14;15:38;B;16526365;68309;2;Kaffee;Speisen;0.50;19
2025-04-14;16:43;B;16407017;483953;87126853;"Coca Cola 0.33l";Getränke;1.10;19
2025-04-14;16:54;B;13784702;452447;87126853;"Coca Cola 0.33l";Getränke;1.10;19
2025-04-14;17:03;B;16352584;250430;1;Essen;Speisen;4.50;19
2025-04-14;17:35;A;6083503;422246;50112135;Sprite Zitrone Limette 0.33l;Getränke;1.10;19
2025-04-14;18:45;A;16163833;40478;4002103000013;"Erdinger Weißbier 0.5l";Bier;1.50;19
2025-04-14;18:51;A;16352584;250430;4008948027000;"Jever Pils 0,5l";Bier;1.30;19
2025-04-14;18:52;A;6313059;452448;5449000017918;Fanta - 1l;Getränke;2.00;19
2025-04-14;18:52;A;6313059;452448;5449000017932;Sprite - 1l;Getränke;2.00;19
2025-04-14;18:52;A;16125986;428048;4002103019107;Erdinger Alkoholfrei 0.5l;Bier;1.50;19
2025-04-14;18:54;A;16526365;68309;4002103019107;Erdinger Alkoholfrei 0.5l;Bier;1.50;19
2025-04-14;19:17;A;16163833;40478;4008948027000;"Jever Pils 0,5l";Bier;1.30;19
2025-04-14;20:10;A;16407017;483953;87126853;"Coca Cola 0.33l";Getränke;1.10;19
2025-04-14;20:16;A;16352584;250430;4260386220331;"Fläminger Radler 0,33l";Bier;1.10;19
2025-04-14;20:17;A;13784702;452447;87126853;"Coca Cola 0.33l";Getränke;1.10;19
2025-04-14;21:01;A;16407017;483953;4013256642012;"Lichtenauer - spritzig - 0.5l";Wasser;0.85;19
2025-04-14;22:14;A;9880987;427746;4002103000013;"Erdinger Weißbier 0.5l";Bier;1.50;19
2025-04-14;22:29;A;13784702;452447;4014388001036;"Radeberger Pilsender 0.5l";Bier;1.20;19
2025-04-15;10:27;B;9776980;470789;87126853;"Coca Cola 0.33l";Getränke;1.10;19
2025-04-15;10:31;B;13784702;452447;87126860;"Fanta 0,33l";Getränke;1.10;19
2025-04-15;10:47;B;16407017;483953;87126853;"Coca Cola 0.33l";Getränke;1.10;19
2025-04-15;11:38;A;16352584;250430;2;Kaffee;Speisen;0.50;19
2025-04-15;12:11;B;9776980;470789;50112135;Sprite Zitrone Limette 0.33l;Getränke;1.10;19
2025-04-15;12:28;A;9880987;427746;1;Essen;Speisen;3.00;19
2025-04-15;12:28;A;13784702;452447;1;Essen;Speisen;3.00;19
2025-04-15;12:28;A;16381852;444796;1;Essen;Speisen;3.00;19
2025-04-15;12:29;A;9776980;470789;1;Essen;Speisen;3.00;19
2025-04-15;12:30;A;13784702;452447;87126853;"Coca Cola 0.33l";Getränke;1.10;19
2025-04-15;12:33;A;16407017;483953;1;Essen;Speisen;3.00;19
2025-04-15;12:34;A;9870996;40431;1;Essen;Speisen;3.00;19
2025-04-15;12:35;A;11028660;497092;1;Essen;Speisen;3.00;19
2025-04-15;12:42;A;3046347;40387;1;Essen;Speisen;3.00;19
2025-04-15;12:43;A;13433086;421867;1;Essen;Speisen;3.00;19
2025-04-15;12:44;A;11028660;497092;87126860;"Fanta 0,33l";Getränke;1.10;19
2025-04-15;12:48;A;16352584;250430;2;Kaffee;Speisen;0.50;19
2025-04-15;12:58;A;9870996;40431;4014472279198;"Bionade Himbeer-Plaume 0.33l";Getränke;1.30;19
2025-04-15;13:00;A;6313059;452448;1;Essen;Speisen;3.00;19
2025-04-15;13:00;A;16060546;40427;1;Essen;Speisen;3.00;19
2025-04-15;13:03;A;14268305;40513;1;Essen;Speisen;3.00;19
2025-04-15;13:03;A;14268305;40513;2;Kaffee;Speisen;0.50;19
2025-04-15;14:26;B;16381852;444796;4014472279198;"Bionade Himbeer-Plaume 0.33l";Getränke;1.30;19
2025-04-15;16:31;B;14268305;40513;4014472002512;"Bionade Holunder 0.33l";Getränke;1.30;19
2025-04-15;17:54;A;16352584;250430;4014472280132;"Bionade Naturtrüb Blutorange 0.33l";Getränke;1.30;19
2025-04-15;18:13;A;9776980;470789;90357879;"Cola Zero 0.33l";Getränke;1.10;19
2025-04-15;20:31;A;16233192;40537;90357879;"Cola Zero 0.33l";Getränke;1.10;19
2025-04-15;20:37;A;6313059;452448;87126860;"Fanta 0,33l";Getränke;1.10;19
2025-04-15;20:37;A;6313059;452448;50112135;Sprite Zitrone Limette 0.33l;Getränke;1.10;19
2025-04-15;20:37;A;6313059;452448;4014472279198;"Bionade Himbeer-Plaume 0.33l";Getränke;1.30;19
2025-04-15;20:37;A;6313059;452448;4014472281719;"Bionade Zitronen Bergamotte 0.33l";Getränke;1.30;19
2025-04-15;20:41;A;9776980;470789;87126860;"Fanta 0,33l";Getränke;1.10;19
2025-04-15;20:42;A;16381852;444796;87126853;"Coca Cola 0.33l";Getränke;1.10;19
2025-04-15;20:54;A;6083503;422246;90357879;"Cola Zero 0.33l";Getränke;1.10;19
2025-04-15;21:35;A;6313059;452448;87126860;"Fanta 0,33l";Getränke;1.10;19
2025-04-15;21:36;A;9776980;470789;87126860;"Fanta 0,33l";Getränke;1.10;19
2025-04-16;08:17;A;0016352584;250430;2;Kaffee;Speisen;0.50;19
2025-04-16;09:00;A;0003037083;424547;2;Kaffee;Speisen;0.50;19
2025-04-16;09:05;A;0009839906;40509;2;Kaffee;Speisen;0.50;19
2025-04-16;09:08;A;0016352584;250430;2;Kaffee;Speisen;0.50;19
2025-04-16;10:12;A;0009776980;470789;87126853;"Coca Cola 0.33l";Getränke;1.10;19
2025-04-16;11:47;A;0009776980;470789;90357879;"Cola Zero 0.33l";Getränke;1.10;19
2025-04-16;12:37;A;0006083503;422246;1;Essen;Speisen;5.50;19
2025-04-16;12:37;A;0006083503;422246;87126853;"Coca Cola 0.33l";Getränke;1.10;19
2025-04-16;12:37;A;0009776980;470789;1;Essen;Speisen;5.50;19
2025-04-16;12:40;A;0009870996;40431;1;Essen;Speisen;5.50;19
2025-04-16;12:41;A;0009870996;40431;4014472279198;"Bionade Himbeer-Plaume 0.33l";Getränke;1.30;19
2025-04-16;12:43;A;0003037083;424547;1;Essen;Speisen;5.50;19
2025-04-16;12:43;A;0003037083;424547;1;Essen;Speisen;5.50;19
2025-04-16;12:43;A;0003037083;424547;87126853;"Coca Cola 0.33l";Getränke;1.10;19
2025-04-16;12:43;A;0003037083;424547;87126853;"Coca Cola 0.33l";Getränke;1.10;19
2025-04-16;12:43;A;0003037083;424547;87126853;"Coca Cola 0.33l";Getränke;1.10;19
2025-04-16;12:44;A;0016060546;40427;1;Essen;Speisen;5.50;19
2025-04-16;12:44;A;0006313059;452448;1;Essen;Speisen;5.50;19
2025-04-16;12:44;A;0006313059;452448;4053400201634;"Bionade Schwarze Joh 0,33l";Getränke;1.30;19
2025-04-16;12:45;A;0016381852;444796;1;Essen;Speisen;5.50;19
2025-04-16;12:46;A;0006343943;485462;1;Essen;Speisen;5.50;19
2025-04-16;13:17;A;0003037083;424547;1;Essen;Speisen;5.50;19
2025-04-16;14:13;B;0006313059;452448;87126860;"Fanta 0,33l";Getränke;1.10;19
2025-04-16;14:31;B;0016060546;40427;2;Kaffee;Speisen;0.50;19
2025-04-16;14:32;B;0016381852;444796;87126853;"Coca Cola 0.33l";Getränke;1.10;19
2025-04-16;15:37;A;0016134532;473961;1;Essen;Speisen;5.50;19
2025-04-16;15:37;A;0016134532;473961;87126860;"Fanta 0,33l";Getränke;1.10;19
2025-04-16;15:58;B;0009776980;470789;4014472280132;"Bionade Naturtrüb Blutorange 0.33l";Getränke;1.30;19
2025-04-16;16:31;B;0016060546;40427;4014472279198;"Bionade Himbeer-Plaume 0.33l";Getränke;1.30;19
2025-04-16;16:35;B;0016134532;473961;2;Kaffee;Speisen;0.50;19
2025-04-16;17:41;A;0003037083;424547;4002103000013;"Erdinger Weißbier 0.5l";Bier;1.50;19
2025-04-16;17:55;A;0016352584;250430;4260386220331;"Fläminger Radler 0,33l";Bier;1.10;19
2025-04-16;18:10;A;0009839906;40509;4002103019107;"Erdinger Alkoholfrei 0.5l";Bier;1.50;19
2025-04-16;20:20;A;0009776980;470789;87126853;"Coca Cola 0.33l";Getränke;1.10;19
2025-04-17;08:35;A;0016352584;250430;2;Kaffee;Speisen;0.50;19
2025-04-17;08:47;A;0016352584;250430;2;Kaffee;Speisen;0.50;19
2025-04-17;09:22;A;0006092882;475635;2;Kaffee;Speisen;0.50;19
2025-04-17;09:40;A;0011454183;40556;2;Kaffee;Speisen;0.50;19
2025-04-17;10:17;A;0016381852;444796;87126853;"Coca Cola 0.33l";Getränke;1.10;19
2025-04-17;10:58;A;0009776980;470789;87126860;"Fanta 0,33l";Getränke;1.10;19
2025-04-17;11:48;A;0016381852;444796;87126860;"Fanta 0,33l";Getränke;1.10;19
2025-04-17;12:44;A;0009776980;470789;87126853;"Coca Cola 0.33l";Getränke;1.10;19
2025-04-17;13:12;A;0016381852;444796;1;Essen;Speisen;5.50;19
2025-04-17;13:12;A;0016352584;250430;1;Essen;Speisen;5.50;19
2025-04-17;13:12;A;0009776980;470789;1;Essen;Speisen;5.50;19
2025-04-17;13:15;A;0016381852;444796;87126860;"Fanta 0,33l";Getränke;1.10;19
2025-04-17;13:15;A;0016060546;40427;1;Essen;Speisen;5.50;19
2025-04-17;13:16;A;0006145532;40463;1;Essen;Speisen;5.50;19
2025-04-17;13:16;A;0006145532;40463;2;Kaffee;Speisen;0.50;19
2025-04-17;13:16;A;0006145532;40463;2;Kaffee;Speisen;0.50;19
2025-04-17;13:17;A;0013453952;446397;1;Essen;Speisen;5.50;19
2025-04-17;13:17;A;0006083503;422246;1;Essen;Speisen;5.50;19
2025-04-17;13:17;A;0006083503;422246;90357879;"Cola Zero 0.33l";Getränke;1.10;19
2025-04-17;13:18;A;0003046347;40387;1;Essen;Speisen;5.50;19
2025-04-17;13:18;A;0016098978;40557;1;Essen;Speisen;5.50;19
2025-04-17;13:18;A;0016098978;40557;1;Essen;Speisen;5.50;19
2025-04-17;13:18;A;0016098978;40557;2;Kaffee;Speisen;0.50;19
2025-04-17;13:22;A;0011028660;497092;1;Essen;Speisen;5.50;19
2025-04-17;13:23;A;0006092882;475635;1;Essen;Speisen;5.50;19
2025-04-17;13:23;A;0006092882;475635;1;Essen;Speisen;5.50;19
2025-04-17;13:23;A;0011028660;497092;87126860;"Fanta 0,33l";Getränke;1.10;19
2025-04-17;13:23;A;0006092882;475635;87126860;"Fanta 0,33l";Getränke;1.10;19
2025-04-17;13:32;A;0013453952;446397;3;Kuchen;Speisen;1.00;19
2025-04-17;13:33;A;0011454183;40556;1;Essen;Speisen;5.50;19
2025-04-17;14:57;A;0011454183;40556;2;Kaffee;Speisen;0.50;19
2025-04-17;17:22;A;0009871926;251686;2;Kaffee;Speisen;0.50;19
2025-04-17;17:22;A;0009871926;251686;3;Kuchen;Speisen;1.00;19
2025-04-17;17:22;A;0009871926;251686;3;Kuchen;Speisen;1.00;19
2025-04-17;17:40;A;0009776980;470789;90357879;"Cola Zero 0.33l";Getränke;1.10;19
2025-04-17;18:07;A;0016134532;473961;1;Essen;Speisen;5.50;19
2025-04-17;18:50;A;0011454183;40556;4008948027000;"Jever Pils 0,5l";Bier;1.30;19
2025-04-17;18:50;A;0011454183;40556;4008948027000;"Jever Pils 0,5l";Bier;1.30;19
2025-04-17;18:53;A;0016098978;40557;4008948027000;"Jever Pils 0,5l";Bier;1.30;19
2025-04-17;18:53;A;0016098978;40557;4008948027000;"Jever Pils 0,5l";Bier;1.30;19
2025-04-17;19:37;A;0016352584;250430;4260386220331;"Fläminger Radler 0,33l";Bier;1.10;19
2025-04-17;20:07;A;0016352584;250430;4008948027000;"Jever Pils 0,5l";Bier;1.30;19
2025-04-17;20:12;A;0016163833;40478;4008948027000;"Jever Pils 0,5l";Bier;1.30;19
2025-04-17;20:37;A;0009871926;251686;4014388001036;"Radeberger Pilsender 0.5l";Bier;1.20;19
2025-04-17;21:32;A;0016163833;40478;4008948027000;"Jever Pils 0,5l";Bier;1.30;19
2025-04-17;22:46;A;0016163833;40478;4002103000013;"Erdinger Weißbier 0.5l";Bier;1.50;19
2025-04-18;08:37;A;0006145532;40463;2;Kaffee;Speisen;0.50;19
2025-04-18;08:37;A;0006145532;40463;2;Kaffee;Speisen;0.50;19
2025-04-18;08:58;A;0009776980;470789;2;Kaffee;Speisen;0.50;19
2025-04-18;09:01;A;0011454183;40556;2;Kaffee;Speisen;0.50;19
2025-04-18;09:02;A;0016125986;428048;2;Kaffee;Speisen;0.50;19
2025-04-18;09:12;A;0009849541;40481;2;Kaffee;Speisen;0.50;19
2025-04-18;09:20;A;0016522289;40480;2;Kaffee;Speisen;0.50;19
2025-04-18;09:56;A;0016125986;428048;2;Kaffee;Speisen;0.50;19
2025-04-18;09:59;A;0010946978;422870;2;Kaffee;Speisen;0.50;19
2025-04-18;10:10;A;0016352584;250430;2;Kaffee;Speisen;0.50;19
2025-04-18;10:51;A;0016522289;40480;2;Kaffee;Speisen;0.50;19
2025-04-18;10:52;A;0016352584;250430;2;Kaffee;Speisen;0.50;19
2025-04-18;11:02;A;0016163833;40478;2;Kaffee;Speisen;0.50;19
2025-04-18;11:02;A;0016163833;40478;2;Kaffee;Speisen;0.50;19
2025-04-18;11:03;A;0016352584;250430;2;Kaffee;Speisen;0.50;19
2025-04-18;11:11;A;0014252568;442234;87126853;"Coca Cola 0.33l";Getränke;1.10;19
2025-04-18;11:25;A;0011454183;40556;2;Kaffee;Speisen;0.50;19
2025-04-18;11:40;A;0014252568;442234;87126853;"Coca Cola 0.33l";Getränke;1.10;19
2025-04-18;11:42;A;0016125986;428048;2;Kaffee;Speisen;0.50;19
2025-04-18;12:47;A;0016226391;406509;2;Kaffee;Speisen;0.50;19
2025-04-18;13:09;A;0010946978;422870;1;Essen;Speisen;6.50;19
2025-04-18;13:09;A;0014252568;442234;1;Essen;Speisen;6.50;19
2025-04-18;13:09;A;0009776980;470789;1;Essen;Speisen;6.50;19
2025-04-18;13:10;A;0011028660;497092;1;Essen;Speisen;6.50;19
2025-04-18;13:16;A;0013453952;446397;1;Essen;Speisen;6.50;19
2025-04-18;13:18;A;0014252568;442234;87126860;"Fanta 0,33l";Getränke;1.10;19
2025-04-18;13:21;A;0016522289;40480;1;Essen;Speisen;6.50;19
2025-04-18;13:21;A;0016522289;40480;1;Essen;Speisen;6.50;19
2025-04-18;13:23;A;0016125986;428048;1;Essen;Speisen;6.50;19
2025-04-18;13:24;A;0016163833;40478;1;Essen;Speisen;6.50;19
2025-04-18;13:24;A;0016163833;40478;4014472002512;"Bionade Holunder 0.33l";Getränke;1.30;19
2025-04-18;13:26;A;0009871926;251686;1;Essen;Speisen;6.50;19
2025-04-18;13:26;A;0009871926;251686;1;Essen;Speisen;6.50;19
2025-04-18;13:27;A;0009871926;251686;2;Kaffee;Speisen;0.50;19
2025-04-18;13:27;A;0011028660;497092;87126860;"Fanta 0,33l";Getränke;1.10;19
2025-04-18;13:32;A;0011454183;40556;1;Essen;Speisen;6.50;19
2025-04-18;13:36;A;0009776980;470789;4013256642012;"Lichtenauer - spritzig - 0.5l";Wasser;0.85;19
2025-04-18;13:36;A;0009776980;470789;4013256642012;"Lichtenauer - spritzig - 0.5l";Wasser;0.85;19
2025-04-18;13:51;A;0016163833;40478;2;Kaffee;Speisen;0.50;19
2025-04-18;13:54;A;0009776980;470789;90357879;"Cola Zero 0.33l";Getränke;1.10;19
2025-04-18;13:59;A;0009871926;251686;2;Kaffee;Speisen;0.50;19
2025-04-18;14:22;A;0016381852;444796;1;Essen;Speisen;6.50;19
2025-04-18;14:31;A;0009776980;470789;4013256642012;"Lichtenauer - spritzig - 0.5l";Wasser;0.85;19
2025-04-18;14:43;A;0009849541;40481;1;Essen;Speisen;6.50;19
2025-04-18;15:21;A;0013453952;446397;90357879;"Cola Zero 0.33l";Getränke;1.10;19
2025-04-18;15:23;A;0016522289;40480;2;Kaffee;Speisen;0.50;19
2025-04-18;15:23;A;0016522289;40480;2;Kaffee;Speisen;0.50;19
2025-04-18;16:20;A;0009776980;470789;87126853;"Coca Cola 0.33l";Getränke;1.10;19
2025-04-18;17:01;A;0016163833;40478;4014388001036;"Radeberger Pilsender 0.5l";Bier;1.20;19
2025-04-18;17:01;A;0016163833;40478;4008948027000;"Jever Pils 0,5l";Bier;1.30;19
2025-04-18;17:01;A;0016163833;40478;4008948027000;"Jever Pils 0,5l";Bier;1.30;19
2025-04-18;17:36;A;0016522289;40480;4014388001036;"Radeberger Pilsender 0.5l";Bier;1.20;19
2025-04-18;18:02;A;0016522289;40480;4008948027000;"Jever Pils 0,5l";Bier;1.30;19
2025-04-18;19:00;A;0011454183;40556;2;Kaffee;Speisen;0.50;19
2025-04-18;22:15;A;0009776980;470789;87126860;"Fanta 0,33l";Getränke;1.10;19
2025-04-18;22:20;A;0016381852;444796;87126860;"Fanta 0,33l";Getränke;1.10;19
2025-04-18;23:18;A;0016381852;444796;87126860;"Fanta 0,33l";Getränke;1.10;19
2025-04-19;08:55;A;0009849541;40481;2;Kaffee;Speisen;0.50;19
2025-04-19;09:19;A;0009849541;40481;2;Kaffee;Speisen;0.50;19
2025-04-19;09:20;A;0016522289;40480;2;Kaffee;Speisen;0.50;19
2025-04-19;10:15;A;0011454183;40556;2;Kaffee;Speisen;0.50;19
2025-04-19;10:38;A;0016522289;40480;2;Kaffee;Speisen;0.50;19
2025-04-19;10:49;A;0016352584;250430;2;Kaffee;Speisen;0.50;19
2025-04-19;11:31;A;0016352584;250430;2;Kaffee;Speisen;0.50;19
2025-04-19;11:41;A;0016163833;40478;2;Kaffee;Speisen;0.50;19
2025-04-19;11:46;A;0009871926;251686;2;Kaffee;Speisen;0.50;19
2025-04-19;13:02;A;0009776980;470789;1;Essen;Speisen;7.50;19
2025-04-19;13:03;A;0016522289;40480;1;Essen;Speisen;7.50;19
2025-04-19;13:05;A;0011454183;40556;1;Essen;Speisen;7.50;19
2025-04-19;13:06;A;0009776980;470789;90357879;"Cola Zero 0.33l";Getränke;1.10;19
2025-04-19;13:06;A;0016381852;444796;1;Essen;Speisen;7.50;19
2025-04-19;13:06;A;0016163833;40478;1;Essen;Speisen;7.50;19
2025-04-19;13:07;A;0016163833;40478;4014472002512;"Bionade Holunder 0.33l";Getränke;1.30;19
2025-04-19;13:07;A;0011028660;497092;87126860;"Fanta 0,33l";Getränke;1.10;19
2025-04-19;13:08;A;0011028660;497092;1;Essen;Speisen;7.50;19
2025-04-19;13:09;A;0009871926;251686;1;Essen;Speisen;7.50;19
2025-04-19;13:09;A;0009871926;251686;1;Essen;Speisen;7.50;19
2025-04-19;14:46;A;0009849541;40481;1;Essen;Speisen;7.50;19
2025-04-19;15:07;A;0013784702;452447;87126853;"Coca Cola 0.33l";Getränke;1.10;19
2025-04-19;15:28;A;0011454183;40556;2;Kaffee;Speisen;0.50;19
2025-04-19;16:26;A;0009776980;470789;2;Kaffee;Speisen;0.50;19
2025-04-19;16:38;A;0011028660;497092;2;Kaffee;Speisen;0.50;19
2025-04-19;16:39;A;0009880987;427746;2;Kaffee;Speisen;0.50;19
2025-04-19;16:43;A;0009776980;470789;3;Kuchen;Speisen;1.00;19
2025-04-19;16:43;A;0013784702;452447;3;Kuchen;Speisen;1.00;19
2025-04-19;16:45;A;0011454183;40556;2;Kaffee;Speisen;0.50;19
2025-04-19;16:52;A;0016381852;444796;2;Kaffee;Speisen;0.50;19
2025-04-19;17:14;A;0011454183;40556;4008948027000;"Jever Pils 0,5l";Bier;1.30;19
2025-04-19;17:23;A;0016163833;40478;2;Kaffee;Speisen;0.50;19
2025-04-19;17:23;A;0016163833;40478;2;Kaffee;Speisen;0.50;19
2025-04-19;18:09;A;0011454183;40556;4008948027000;"Jever Pils 0,5l";Bier;1.30;19
2025-04-19;19:17;A;0016522289;40480;4008948027000;"Jever Pils 0,5l";Bier;1.30;19
2025-04-19;19:23;A;0009776980;470789;90357879;"Cola Zero 0.33l";Getränke;1.10;19
2025-04-19;19:26;A;0013784702;452447;87126860;"Fanta 0,33l";Getränke;1.10;19
2025-04-19;19:32;A;0016163833;40478;4008948027000;"Jever Pils 0,5l";Bier;1.30;19
2025-04-19;19:49;A;0013784702;452447;87126860;"Fanta 0,33l";Getränke;1.10;19
2025-04-19;20:05;A;0011454183;40556;4008948027000;"Jever Pils 0,5l";Bier;1.30;19
2025-04-19;20:05;A;0016352584;250430;4008948027000;"Jever Pils 0,5l";Bier;1.30;19
2025-04-19;20:22;A;0016381852;444796;87126860;"Fanta 0,33l";Getränke;1.10;19
2025-04-19;20:44;A;0016163833;40478;4008948027000;"Jever Pils 0,5l";Bier;1.30;19
2025-04-20;08:38;A;0009849541;40481;2;Kaffee;Speisen;0.50;19
2025-04-20;08:38;A;0009849541;40481;2;Kaffee;Speisen;0.50;19
2025-04-20;08:38;A;0009849541;40481;2;Kaffee;Speisen;0.50;19
2025-04-20;08:45;A;0016352584;250430;2;Kaffee;Speisen;0.50;19
2025-04-20;08:47;A;0016522289;40480;2;Kaffee;Speisen;0.50;19
2025-04-20;08:58;A;0016352584;250430;2;Kaffee;Speisen;0.50;19
2025-04-20;09:03;A;0007305955;454724;2;Kaffee;Speisen;0.50;19
2025-04-20;09:06;A;0011454183;40556;2;Kaffee;Speisen;0.50;19
2025-04-20;09:07;A;0016125986;428048;2;Kaffee;Speisen;0.50;19
2025-04-20;09:21;A;0016526365;68309;2;Kaffee;Speisen;0.50;19
2025-04-20;09:30;A;0013784702;452447;4013256642722;"Lichtenauer - medium - 0.5l";Wasser;0.85;19
2025-04-20;09:31;A;0002999285;40437;4463300210009;"ICAO Wettbewerbskarte Mitglied";Merchendise;12.00;19
2025-04-20;09:38;A;0002999285;40437;4463300210009;"ICAO Wettbewerbskarte Mitglied";Merchendise;12.00;19
2025-04-20;10:36;A;0016163833;40478;2;Kaffee;Speisen;0.50;19
2025-04-20;10:54;A;0016163833;40478;2;Kaffee;Speisen;0.50;19
2025-04-20;11:44;A;0016163833;40478;4013256642722;"Lichtenauer - medium - 0.5l";Wasser;0.85;19
2025-04-20;11:44;A;0016163833;40478;4013256642012;"Lichtenauer - spritzig - 0.5l";Wasser;0.85;19
2025-04-20;11:46;A;0009839906;40509;4013256642722;"Lichtenauer - medium - 0.5l";Wasser;0.85;19
2025-04-20;11:46;A;0009839906;40509;4013256642012;"Lichtenauer - spritzig - 0.5l";Wasser;0.85;19
2025-04-20;12:12;A;0013784702;452447;4013256642012;"Lichtenauer - spritzig - 0.5l";Wasser;0.85;19
2025-04-20;13:12;A;0007305955;454724;1;Essen;Speisen;7.50;19
2025-04-20;13:12;A;0007305955;454724;87126853;"Coca Cola 0.33l";Getränke;1.10;19
2025-04-20;13:14;A;0016163833;40478;1;Essen;Speisen;7.50;19
2025-04-20;13:23;A;0014332988;40422;1;Essen;Speisen;7.50;19
2025-04-20;13:29;A;0016098978;40557;1;Essen;Speisen;7.50;19
2025-04-20;13:29;A;0006313059;452448;1;Essen;Speisen;7.50;19
2025-04-20;13:31;A;0006313059;452448;4014472002512;"Bionade Holunder 0.33l";Getränke;1.30;19
2025-04-20;13:31;A;0016381852;444796;1;Essen;Speisen;7.50;19
2025-04-20;13:32;A;0016381852;444796;87126853;"Coca Cola 0.33l";Getränke;1.10;19
2025-04-20;13:33;A;0009825902;40544;87126853;"Coca Cola 0.33l";Getränke;1.10;19
2025-04-20;13:33;A;0009825902;40544;1;Essen;Speisen;7.50;19
2025-04-20;13:36;A;0011454183;40556;1;Essen;Speisen;7.50;19
2025-04-20;13:48;A;0009776980;470789;1;Essen;Speisen;7.50;19
2025-04-20;13:49;A;0009776980;470789;87126853;"Coca Cola 0.33l";Getränke;1.10;19
2025-04-20;13:51;A;0009870996;40431;1;Essen;Speisen;7.50;19
2025-04-20;13:51;A;0009870996;40431;4014472280132;"Bionade Naturtrüb Blutorange 0.33l";Getränke;1.30;19
2025-04-20;13:52;A;0011028660;497092;9990000000000;Direktbuchung;Direktbuchung;1.10;19
2025-04-20;13:52;A;0011028660;497092;1;Essen;Speisen;7.50;19
2025-04-20;13:53;A;0016522289;40480;4014472002512;"Bionade Holunder 0.33l";Getränke;1.30;19
2025-04-20;13:53;A;0016522289;40480;1;Essen;Speisen;7.50;19
2025-04-20;13:58;A;0009849541;40481;1;Essen;Speisen;7.50;19
2025-04-20;14:02;A;0011454183;40556;2;Kaffee;Speisen;0.50;19
2025-04-20;14:04;A;0006092882;475635;1;Essen;Speisen;7.50;19
2025-04-20;14:04;A;0006092882;475635;1;Essen;Speisen;7.50;19
2025-04-20;14:04;A;0006092882;475635;4014472280132;"Bionade Naturtrüb Blutorange 0.33l";Getränke;1.30;19
2025-04-20;14:04;A;0006092882;475635;4014472280132;"Bionade Naturtrüb Blutorange 0.33l";Getränke;1.30;19
2025-04-20;14:10;A;0016522289;40480;2;Kaffee;Speisen;0.50;19
2025-04-20;14:36;A;0010946978;422870;1;Essen;Speisen;7.50;19
2025-04-20;14:56;A;0013784702;452447;1;Essen;Speisen;7.50;19
2025-04-20;15:06;A;0013784702;452447;87126853;"Coca Cola 0.33l";Getränke;1.10;19
2025-04-20;16:04;B;0016163833;40478;4013256642012;"Lichtenauer - spritzig - 0.5l";Wasser;0.85;19
2025-04-20;16:05;B;0009790594;83574;2;Kaffee;Speisen;0.50;19
2025-04-20;16:05;B;0009790594;83574;2;Kaffee;Speisen;0.50;19
2025-04-20;16:05;A;0002999285;40437;1;Essen;Speisen;7.50;19
2025-04-20;16:05;A;0002999285;40437;87126853;"Coca Cola 0.33l";Getränke;1.10;19
2025-04-20;16:06;B;0010946978;422870;2;Kaffee;Speisen;0.50;19
2025-04-20;16:07;B;0009880987;427746;2;Kaffee;Speisen;0.50;19
2025-04-20;16:11;B;0009776980;470789;3;Kuchen;Speisen;1.00;19
2025-04-20;16:12;B;0016522289;40480;2;Kaffee;Speisen;0.50;19
2025-04-20;16:12;B;0016522289;40480;3;Kuchen;Speisen;1.00;19
2025-04-20;16:13;B;0016163833;40478;2;Kaffee;Speisen;0.50;19
2025-04-20;16:13;B;0016163833;40478;3;Kuchen;Speisen;1.00;19
2025-04-20;16:18;B;0009870996;40431;2;Kaffee;Speisen;0.50;19
2025-04-20;16:19;B;0009776980;470789;2;Kaffee;Speisen;0.50;19
2025-04-20;16:20;B;0006313059;452448;2;Kaffee;Speisen;0.50;19
2025-04-20;16:20;B;0006313059;452448;2;Kaffee;Speisen;0.50;19
2025-04-20;16:30;B;0016526365;68309;2;Kaffee;Speisen;0.50;19
2025-04-20;16:30;B;0016526365;68309;2;Kaffee;Speisen;0.50;19
2025-04-20;16:37;B;0006107633;40524;3;Kuchen;Speisen;1.00;19
2025-04-20;16:37;B;0006107633;40524;3;Kuchen;Speisen;1.00;19
2025-04-20;16:54;B;0002999285;40437;2;Kaffee;Speisen;0.50;19
2025-04-20;17:41;B;0016163833;40478;4013256642722;"Lichtenauer - medium - 0.5l";Wasser;0.85;19
2025-04-20;18:01;A;0016352584;250430;4014472002512;"Bionade Holunder 0.33l";Getränke;1.30;19
2025-04-20;18:24;A;0009839906;40509;4014472002512;"Bionade Holunder 0.33l";Getränke;1.30;19
2025-04-20;18:29;A;0016098978;40557;4008948027000;"Jever Pils 0,5l";Bier;1.30;19
2025-04-20;18:31;A;0016526365;68309;4008948027000;"Jever Pils 0,5l";Bier;1.30;19
2025-04-20;18:51;A;0010946978;422870;4002103019107;"Erdinger Alkoholfrei 0.5l";Bier;1.50;19
2025-04-20;18:51;A;0006313059;452448;4014472002512;"Bionade Holunder 0.33l";Getränke;1.30;19
2025-04-20;19:04;A;0016098978;40557;4014388001036;"Radeberger Pilsender 0.5l";Bier;1.20;19
2025-04-20;19:04;A;0016098978;40557;4014388001036;"Radeberger Pilsender 0.5l";Bier;1.20;19
2025-04-20;19:08;A;0011454183;40556;4008948027000;"Jever Pils 0,5l";Bier;1.30;19
2025-04-20;19:08;A;0009825902;40544;4002103019107;"Erdinger Alkoholfrei 0.5l";Bier;1.50;19
2025-04-20;19:11;A;0002999285;40437;4002103019107;"Erdinger Alkoholfrei 0.5l";Bier;1.50;19
2025-04-20;19:11;A;0016163833;40478;4002103019107;"Erdinger Alkoholfrei 0.5l";Bier;1.50;19
2025-04-20;19:15;A;0009740698;40448;4463300210009;"ICAO Wettbewerbskarte Mitglied";Merchendise;12.00;19
2025-04-20;19:16;A;0016522289;40480;4008948027000;"Jever Pils 0,5l";Bier;1.30;19
2025-04-20;19:25;A;0007305955;454724;2;Kaffee;Speisen;0.50;19
2025-04-20;19:25;A;0007305955;454724;2;Kaffee;Speisen;0.50;19
2025-04-20;19:25;A;0007305955;454724;2;Kaffee;Speisen;0.50;19
2025-04-20;19:25;A;0007305955;454724;4014388001036;"Radeberger Pilsender 0.5l";Bier;1.20;19
2025-04-20;19:45;A;0011028660;497092;2;Kaffee;Speisen;0.50;19
2025-04-20;19:52;A;0016125986;428048;2;Kaffee;Speisen;0.50;19
2025-04-20;19:52;A;0016125986;428048;2;Kaffee;Speisen;0.50;19
2025-04-20;19:52;A;0016125986;428048;4008948027000;"Jever Pils 0,5l";Bier;1.30;19
2025-04-20;19:52;A;0016125986;428048;4014388001036;"Radeberger Pilsender 0.5l";Bier;1.20;19
2025-04-20;19:58;A;0013784702;452447;87126853;"Coca Cola 0.33l";Getränke;1.10;19
2025-04-20;20:32;A;0009880987;427746;90357879;"Cola Zero 0.33l";Getränke;1.10;19
2025-04-20;20:34;A;0011454183;40556;4008948027000;"Jever Pils 0,5l";Bier;1.30;19
2025-04-20;22:10;A;0006313059;452448;2;Kaffee;Speisen;0.50;19
2025-04-20;22:10;A;0006313059;452448;4014472002512;"Bionade Holunder 0.33l";Getränke;1.30;19
2025-04-20;23:00;A;0009880987;427746;4002103000013;"Erdinger Weißbier 0.5l";Bier;1.50;19
2025-04-20;23:00;A;0007305955;454724;4014388001036;"Radeberger Pilsender 0.5l";Bier;1.20;19
2025-04-21;08:43;A;0016352584;250430;2;Kaffee;Speisen;0.50;19
2025-04-21;08:46;A;0006092882;475635;2;Kaffee;Speisen;0.50;19
2025-04-21;08:46;A;0006092882;475635;2;Kaffee;Speisen;0.50;19
2025-04-21;08:52;A;0016352584;250430;2;Kaffee;Speisen;0.50;19
2025-04-21;08:53;A;0006145532;40463;2;Kaffee;Speisen;0.50;19
2025-04-21;08:58;A;0016522289;40480;2;Kaffee;Speisen;0.50;19
2025-04-21;09:02;A;0016352584;250430;2;Kaffee;Speisen;0.50;19
2025-04-21;09:09;A;0016163833;40478;2;Kaffee;Speisen;0.50;19
2025-04-21;09:15;A;0009839906;40509;2;Kaffee;Speisen;0.50;19
2025-04-21;09:40;A;0016163833;40478;2;Kaffee;Speisen;0.50;19
2025-04-21;12:08;B;0016407017;483953;87126853;"Coca Cola 0.33l";Getränke;1.10;19
2025-04-21;12:54;A;0007305955;454724;2;Kaffee;Speisen;0.50;19
2025-04-21;12:54;A;0007305955;454724;2;Kaffee;Speisen;0.50;19
2025-04-21;12:54;A;0007305955;454724;2;Kaffee;Speisen;0.50;19
2025-04-21;12:54;A;0007305955;454724;87126853;"Coca Cola 0.33l";Getränke;1.10;19
2025-04-21;12:54;A;0007305955;454724;1;Essen;Speisen;7.50;19
2025-04-21;12:57;A;0011454183;40556;1;Essen;Speisen;7.50;19
2025-04-21;12:59;A;0006313059;452448;1;Essen;Speisen;7.50;19
2025-04-21;12:59;A;0006145532;40463;1;Essen;Speisen;7.50;19
2025-04-21;12:59;A;0016407017;483953;1;Essen;Speisen;7.50;19
2025-04-21;13:00;A;0009870996;40431;4014472002512;"Bionade Holunder 0.33l";Getränke;1.30;19
2025-04-21;13:01;A;0009870996;40431;1;Essen;Speisen;7.50;19
2025-04-21;13:01;A;0016522289;40480;1;Essen;Speisen;7.50;19
2025-04-21;13:01;A;0013433086;421867;1;Essen;Speisen;7.50;19
2025-04-21;13:03;A;0014332988;40422;1;Essen;Speisen;7.50;19
2025-04-21;13:06;A;0011028660;497092;1;Essen;Speisen;7.50;19
2025-04-21;13:09;A;0006092882;475635;1;Essen;Speisen;7.50;19
2025-04-21;13:09;A;0006092882;475635;4014472280132;"Bionade Naturtrüb Blutorange 0.33l";Getränke;1.30;19
2025-04-21;13:11;A;0016163833;40478;1;Essen;Speisen;7.50;19
2025-04-21;13:11;A;0009871926;251686;1;Essen;Speisen;7.50;19
2025-04-21;13:11;A;0009871926;251686;4014472280132;"Bionade Naturtrüb Blutorange 0.33l";Getränke;1.30;19
2025-04-21;13:11;A;0016163833;40478;4014472002512;"Bionade Holunder 0.33l";Getränke;1.30;19
2025-04-21;13:17;A;0009840658;474727;1;Essen;Speisen;7.50;19
2025-04-21;13:17;A;0009840658;474727;87126853;"Coca Cola 0.33l";Getränke;1.10;19
2025-04-21;13:35;A;0006092882;475635;2;Kaffee;Speisen;0.50;19
2025-04-21;13:35;A;0006092882;475635;2;Kaffee;Speisen;0.50;19
2025-04-21;14:34;A;0006145532;40463;4014472280132;"Bionade Naturtrüb Blutorange 0.33l";Getränke;1.30;19
2025-04-21;15:32;B;0016407017;483953;87126853;"Coca Cola 0.33l";Getränke;1.10;19
2025-04-21;15:39;A;0016163833;40478;2;Kaffee;Speisen;0.50;19
2025-04-21;15:39;A;0016163833;40478;4014472280132;"Bionade Naturtrüb Blutorange 0.33l";Getränke;1.30;19
2025-04-21;15:56;B;0006313059;452448;4014472002512;"Bionade Holunder 0.33l";Getränke;1.30;19
2025-04-21;15:56;B;0006313059;452448;4014472280132;"Bionade Naturtrüb Blutorange 0.33l";Getränke;1.30;19
2025-04-21;16:21;A;0009854787;40488;4002103000013;"Erdinger Weißbier 0.5l";Bier;1.50;19
2025-04-21;16:39;B;0011454183;40556;2;Kaffee;Speisen;0.50;19
2025-04-21;16:42;B;0009870996;40431;4014472002512;"Bionade Holunder 0.33l";Getränke;1.30;19
2025-04-21;16:42;B;0009870996;40431;4014472002512;"Bionade Holunder 0.33l";Getränke;1.30;19
2025-04-21;17:21;B;0009840658;474727;87126853;"Coca Cola 0.33l";Getränke;1.10;19
2025-04-21;17:50;A;0009854787;40488;90357879;"Cola Zero 0.33l";Getränke;1.10;19
2025-04-21;17:50;A;0009854787;40488;4002103000013;"Erdinger Weißbier 0.5l";Bier;1.50;19
2025-04-21;18:11;A;0016522289;40480;4008948027000;"Jever Pils 0,5l";Bier;1.30;19
2025-04-21;18:37;A;0016163833;40478;4002103000013;"Erdinger Weißbier 0.5l";Bier;1.50;19
2025-04-21;18:38;A;0009812207;40542;4002103019107;"Erdinger Alkoholfrei 0.5l";Bier;1.50;19
2025-04-21;18:39;A;0009871926;251686;4002103000013;"Erdinger Weißbier 0.5l";Bier;1.50;19
2025-04-21;18:42;A;0016352584;250430;4014472280132;"Bionade Naturtrüb Blutorange 0.33l";Getränke;1.30;19
2025-04-21;19:17;A;0016407017;483953;87126853;"Coca Cola 0.33l";Getränke;1.10;19
2025-04-21;21:43;A;0016522289;40480;87126853;"Coca Cola 0.33l";Getränke;1.10;19
2025-04-21;21:44;A;0016352584;250430;4008948027000;"Jever Pils 0,5l";Bier;1.30;19
2025-04-21;21:44;A;0016352584;250430;90357879;"Cola Zero 0.33l";Getränke;1.10;19
2025-04-21;21:52;A;0009854787;40488;4002103000013;"Erdinger Weißbier 0.5l";Bier;1.50;19
2025-04-21;21:52;A;0009854787;40488;4008948027000;"Jever Pils 0,5l";Bier;1.30;19
2025-04-22;09:27;A;0016163833;40478;2;Kaffee;Speisen;0.50;19
2025-04-22;09:35;A;0009776980;470789;4013256642722;"Lichtenauer - medium - 0.5l";Wasser;0.85;19
2025-04-22;09:54;A;0016352584;250430;2;Kaffee;Speisen;0.50;19
2025-04-22;09:57;A;0016163833;40478;9990000000000;Direktbuchung;Direktbuchung;3.00;19
2025-04-22;10:17;A;0016352584;250430;2;Kaffee;Speisen;0.50;19
2025-04-22;11:13;A;0009854787;40488;90357879;"Cola Zero 0.33l";Getränke;1.10;19
2025-04-22;11:13;A;0009854787;40488;90357879;"Cola Zero 0.33l";Getränke;1.10;19
2025-04-22;11:51;B;0016407017;483953;4388840215829;"ja! Mineralwasser medium 0.5l";Wasser;0.50;19
2025-04-22;12:13;A;0009871926;251686;90357879;"Cola Zero 0.33l";Getränke;1.10;19
2025-04-22;12:19;B;0009776980;470789;90357879;"Cola Zero 0.33l";Getränke;1.10;19
2025-04-22;12:28;A;0009812207;40542;90357879;"Cola Zero 0.33l";Getränke;1.10;19
2025-04-22;12:34;A;0016163833;40478;2;Kaffee;Speisen;0.50;19
2025-04-22;12:43;A;0016163833;40478;4388810057732;"ja! Mineralwasser classic 0.5l";Wasser;0.50;19
2025-04-22;12:43;A;0016163833;40478;90357879;"Cola Zero 0.33l";Getränke;1.10;19
2025-04-22;13:07;A;0009854787;40488;4388810057657;"ja! Mineralwasser classic 1.5l";Wasser;1.00;19
2025-04-22;14:05;A;0002999285;40437;1;Essen;Speisen;6.50;19
2025-04-22;14:05;A;0016407017;483953;1;Essen;Speisen;6.50;19
2025-04-22;14:05;A;0011500614;154172;1;Essen;Speisen;6.50;19
2025-04-22;14:06;A;0011500614;154172;90357879;"Cola Zero 0.33l";Getränke;1.10;19
2025-04-22;14:07;A;0009740698;40448;1;Essen;Speisen;6.50;19
2025-04-22;14:07;A;0014332988;40422;1;Essen;Speisen;6.50;19
2025-04-22;14:07;A;0013784702;452447;1;Essen;Speisen;6.50;19
2025-04-22;14:07;A;0009776980;470789;1;Essen;Speisen;6.50;19
2025-04-22;14:07;A;0009776980;470789;90357879;"Cola Zero 0.33l";Getränke;1.10;19
2025-04-22;14:08;A;0011028660;497092;1;Essen;Speisen;6.50;19
2025-04-22;14:08;A;0003037083;424547;1;Essen;Speisen;6.50;19
2025-04-22;14:08;A;0014252568;442234;1;Essen;Speisen;6.50;19
2025-04-22;14:12;A;0016163833;40478;1;Essen;Speisen;6.50;19
2025-04-22;14:12;A;0016163833;40478;4013256642012;"Lichtenauer - spritzig - 0.5l";Wasser;0.85;19
2025-04-22;14:14;A;0009840658;474727;1;Essen;Speisen;6.50;19
2025-04-22;14:23;A;0011028660;497092;9990000000000;Direktbuchung;Direktbuchung;1.10;19
2025-04-22;14:31;A;0003037083;424547;2;Kaffee;Speisen;0.50;19
2025-04-22;14:32;A;0013784702;452447;4388840215829;"ja! Mineralwasser medium 0.5l";Wasser;0.50;19
2025-04-22;14:38;A;0014332988;40422;2;Kaffee;Speisen;0.50;19
2025-04-22;14:40;A;0009740698;40448;2;Kaffee;Speisen;0.50;19
2025-04-22;14:40;A;0009740698;40448;2;Kaffee;Speisen;0.50;19
2025-04-22;15:30;B;0013784702;452447;4388840215829;"ja! Mineralwasser medium 0.5l";Wasser;0.50;19
2025-04-22;15:37;A;0009854787;40488;4002103000013;"Erdinger Weißbier 0.5l";Bier;1.50;19
2025-04-22;16:06;B;0016407017;483953;90357879;"Cola Zero 0.33l";Getränke;1.10;19
2025-04-22;16:14;B;0009776980;470789;4014472002512;"Bionade Holunder 0.33l";Getränke;1.30;19
2025-04-22;16:14;B;0013784702;452447;4014472002512;"Bionade Holunder 0.33l";Getränke;1.30;19
2025-04-22;16:31;A;0016163833;40478;2;Kaffee;Speisen;0.50;19
2025-04-22;16:45;A;0009854787;40488;4002103000013;"Erdinger Weißbier 0.5l";Bier;1.50;19
2025-04-22;16:47;B;0013784702;452447;2;Kaffee;Speisen;0.50;19
2025-04-22;16:52;B;0016407017;483953;3;Kuchen;Speisen;1.00;19
2025-04-22;17:13;B;0002999285;40437;2;Kaffee;Speisen;0.50;19
2025-04-22;17:13;B;0002999285;40437;2;Kaffee;Speisen;0.50;19
2025-04-22;18:30;A;0009776980;470789;4463300320005;"Kullerkasten gemischt";Getränke;23.00;19
2025-04-22;20:18;A;0013453952;446397;2;Kaffee;Speisen;0.50;19
2025-04-22;20:36;A;0016407017;483953;201;Eis-Cornetto-Strawberry;Eis;2.50;19
2025-04-22;20:42;A;0014252568;442234;4388840215829;"ja! Mineralwasser medium 0.5l";Wasser;0.50;19
2025-04-22;20:42;A;0014252568;442234;203;Eis-Snickers;Eis;2.20;19
2025-04-22;20:43;A;0016407017;483953;205;Eis-Calippo-Cola;Eis;1.80;19
2025-04-22;20:52;A;0011028660;497092;203;Eis-Snickers;Eis;2.20;19
2025-04-22;21:11;A;0009854787;40488;4260386220331;"Fläminger Radler 0,33l";Bier;1.10;19
2025-04-22;22:11;A;0013784702;452447;205;Eis-Calippo-Cola;Eis;1.80;19
2025-04-23;00:44;A;0013784702;452447;4388840215829;"ja! Mineralwasser medium 0.5l";Wasser;0.50;19
2025-04-23;07:42;A;0016522289;40480;1;Essen;Speisen;6.50;19
2025-04-23;07:42;A;0016522289;40480;2;Kaffee;Speisen;0.50;19
2025-04-23;09:15;A;0016407017;483953;4388840215829;"ja! Mineralwasser medium 0.5l";Wasser;0.50;19
2025-04-23;09:23;A;0009776980;470789;2;Kaffee;Speisen;0.50;19
2025-04-23;09:24;A;0016522289;40480;2;Kaffee;Speisen;0.50;19
2025-04-23;09:25;A;0003037083;424547;2;Kaffee;Speisen;0.50;19
2025-04-23;09:38;A;0009854787;40488;2;Kaffee;Speisen;0.50;19
2025-04-23;10:42;A;0009854787;40488;2;Kaffee;Speisen;0.50;19
2025-04-23;11:25;A;0009812207;40542;2;Kaffee;Speisen;0.50;19
2025-04-23;11:27;A;0009854787;40488;87126853;"Coca Cola 0.33l";Getränke;1.10;19
2025-04-23;11:44;B;0006313059;452448;4013256642012;"Lichtenauer - spritzig - 0.5l";Wasser;0.85;19
2025-04-23;12:40;A;0013784702;452447;87126853;"Coca Cola 0.33l";Getränke;1.10;19
2025-04-23;12:49;A;0009840658;474727;3;Kuchen;Speisen;1.00;19
2025-04-23;12:50;A;0013784702;452447;205;Calippo-Cola;Eis;1.80;19
2025-04-23;13:21;A;0013453952;446397;1;Essen;Speisen;5.50;19
2025-04-23;13:23;A;0016522289;40480;1;Essen;Speisen;5.50;19
2025-04-23;13:23;A;0016522289;40480;1;Essen;Speisen;5.50;19
2025-04-23;13:23;A;0016522289;40480;4388840215829;"ja! Mineralwasser medium 0.5l";Wasser;0.50;19
2025-04-23;13:24;A;0009854787;40488;1;Essen;Speisen;5.50;19
2025-04-23;13:29;A;0009840658;474727;1;Essen;Speisen;5.50;19
2025-04-23;13:30;A;0009776980;470789;1;Essen;Speisen;5.50;19
2025-04-23;13:30;A;0009776980;470789;87126853;"Coca Cola 0.33l";Getränke;1.10;19
2025-04-23;13:31;A;0016407017;483953;1;Essen;Speisen;5.50;19
2025-04-23;13:31;A;0009891815;421808;1;Essen;Speisen;5.50;19
2025-04-23;13:31;A;0009891815;421808;87126853;"Coca Cola 0.33l";Getränke;1.10;19
2025-04-23;13:31;A;0006343943;485462;1;Essen;Speisen;5.50;19
2025-04-23;13:32;A;0009840658;474727;87126853;"Coca Cola 0.33l";Getränke;1.10;19
2025-04-23;13:32;A;0016407017;483953;87126853;"Coca Cola 0.33l";Getränke;1.10;19
2025-04-23;13:33;A;0011500614;154172;1;Essen;Speisen;5.50;19
2025-04-23;13:35;A;0009740698;40448;1;Essen;Speisen;5.50;19
2025-04-23;13:36;A;0009740698;40448;87126853;"Coca Cola 0.33l";Getränke;1.10;19
2025-04-23;13:36;A;0009854787;40488;87126853;"Coca Cola 0.33l";Getränke;1.10;19
2025-04-23;13:37;A;0011028660;497092;1;Essen;Speisen;5.50;19
2025-04-23;13:37;A;0011028660;497092;9990000000000;Direktbuchung;Direktbuchung;1.10;19
2025-04-23;13:38;A;0006313059;452448;1;Essen;Speisen;5.50;19
2025-04-23;13:44;A;0009776980;470789;206;MAGNUM-ALMOND;Eis;2.70;19
2025-04-23;13:45;A;0011500614;154172;2;Kaffee;Speisen;0.50;19
2025-04-23;13:49;A;0006313059;452448;205;Calippo-Cola;Eis;1.80;19
2025-04-23;13:51;A;0009839906;40509;207;MAGNUM-CLASSIC;Eis;2.70;19
2025-04-23;13:52;A;0011028660;497092;204;Split;Eis;1.70;19
2025-04-23;13:53;A;0016407017;483953;204;Split;Eis;1.70;19
2025-04-23;13:54;A;0002999285;40437;1;Essen;Speisen;5.50;19
2025-04-23;13:54;A;0002999285;40437;204;Split;Eis;1.70;19
2025-04-23;13:59;A;0006107633;40524;205;Calippo-Cola;Eis;1.80;19
2025-04-23;15:21;B;0009776980;470789;2;Kaffee;Speisen;0.50;19
2025-04-23;15:21;B;0009776980;470789;4388840215829;"ja! Mineralwasser medium 0.5l";Wasser;0.50;19
2025-04-23;15:45;B;0009740698;40448;2;Kaffee;Speisen;0.50;19
2025-04-23;15:46;B;0009891815;421808;2;Kaffee;Speisen;0.50;19
2025-04-23;15:49;B;0011500614;154172;2;Kaffee;Speisen;0.50;19
2025-04-23;15:51;A;0009776980;470789;202;Cornetto-Classico;Eis;2.50;19
2025-04-23;16:18;B;0016407017;483953;87126853;"Coca Cola 0.33l";Getränke;1.10;19
2025-04-23;16:51;A;0006092882;475635;207;MAGNUM-CLASSIC;Eis;2.70;19
2025-04-23;16:51;A;0006092882;475635;205;Calippo-Cola;Eis;1.80;19
2025-04-23;16:51;A;0006092882;475635;4260386220331;"Fläminger Radler 0,33l";Bier;1.10;19
2025-04-23;17:23;B;0002999285;40437;2;Kaffee;Speisen;0.50;19
2025-04-23;17:30;B;0009840658;474727;87126853;"Coca Cola 0.33l";Getränke;1.10;19
2025-04-23;17:30;B;0009840658;474727;87126853;"Coca Cola 0.33l";Getränke;1.10;19
2025-04-23;17:30;B;0009839906;40509;2;Kaffee;Speisen;0.50;19
2025-04-23;18:01;B;0009776980;470789;4388840215829;"ja! Mineralwasser medium 0.5l";Wasser;0.50;19
2025-04-23;18:08;A;0006343943;485462;9990000000000;Direktbuchung;Direktbuchung;1.50;19
2025-04-23;18:44;A;0009854787;40488;4004160005338;"Berliner Pilsner 0,5l";Getränke;1.20;19
2025-04-23;19:50;A;0011028660;497092;204;Split;Eis;1.70;19
2025-04-23;20:22;A;0016407017;483953;87126853;"Coca Cola 0.33l";Getränke;1.10;19
2025-04-23;20:57;A;0009854787;40488;4014388001036;"Radeberger Pilsender 0.5l";Bier;1.20;19
2025-04-23;21:59;A;0013784702;452447;4388840215829;"ja! Mineralwasser medium 0.5l";Wasser;0.50;19
2025-04-23;22:13;A;0016407017;483953;206;MAGNUM-ALMOND;Eis;2.70;19
2025-04-23;22:58;A;0013784702;452447;4388840215829;"ja! Mineralwasser medium 0.5l";Wasser;0.50;19
2025-04-23;23:00;A;0006313059;452448;202;Cornetto-Classico;Eis;2.50;19
2025-04-23;23:14;A;0013784702;452447;4388840215829;"ja! Mineralwasser medium 0.5l";Wasser;0.50;19
2025-04-24;09:36;A;0009854787;40488;2;Kaffee;Speisen;0.50;19
2025-04-24;10:05;A;0003037083;424547;2;Kaffee;Speisen;0.50;19
2025-04-24;10:10;A;0006186690;475264;2;Kaffee;Speisen;0.50;19
2025-04-24;10:10;A;0006092882;475635;2;Kaffee;Speisen;0.50;19
2025-04-24;10:11;A;0003037083;424547;4463300210009;"ICAO Wettbewerbskarte Mitglied";Merchendise;12.00;19
2025-04-24;11:39;A;0013784702;452447;203;Snickers;Eis;2.20;19
2025-04-24;12:34;B;0013784702;452447;4388840215829;"ja! Mineralwasser medium 0.5l";Wasser;0.50;19
2025-04-24;13:33;B;0016407017;483953;4388810057732;"ja! Mineralwasser classic 0.5l";Wasser;0.50;19
2025-04-24;13:56;A;0016407017;483953;1;Essen;Speisen;5.50;19
2025-04-24;13:56;A;0016407017;483953;87126853;"Coca Cola 0.33l";Getränke;1.10;19
2025-04-24;13:57;A;0006313059;452448;1;Essen;Speisen;5.50;19
2025-04-24;13:57;A;0013784702;452447;1;Essen;Speisen;5.50;19
2025-04-24;13:57;A;0013453952;446397;1;Essen;Speisen;5.50;19
2025-04-24;13:58;A;0009740698;40448;1;Essen;Speisen;5.50;19
2025-04-24;13:58;A;0011028660;497092;9990000000000;Direktbuchung;Direktbuchung;1.10;19
2025-04-24;13:58;A;0011028660;497092;1;Essen;Speisen;5.50;19
2025-04-24;13:59;A;0009840658;474727;1;Essen;Speisen;5.50;19
2025-04-24;13:59;A;0006186690;475264;2;Kaffee;Speisen;0.50;19
2025-04-24;13:59;A;0006186690;475264;1;Essen;Speisen;5.50;19
2025-04-24;13:59;A;0002999285;40437;1;Essen;Speisen;5.50;19
2025-04-24;14:00;A;0009891815;421808;1;Essen;Speisen;5.50;19
2025-04-24;14:00;A;0009891815;421808;87126853;"Coca Cola 0.33l";Getränke;1.10;19
2025-04-24;14:00;A;0013784702;452447;87126853;"Coca Cola 0.33l";Getränke;1.10;19
2025-04-24;14:00;A;0007305955;454724;1;Essen;Speisen;5.50;19
2025-04-24;14:00;A;0007305955;454724;87126853;"Coca Cola 0.33l";Getränke;1.10;19
2025-04-24;14:01;A;0006107633;40524;1;Essen;Speisen;5.50;19
2025-04-24;14:04;A;0009840658;474727;87126853;"Coca Cola 0.33l";Getränke;1.10;19
2025-04-24;14:15;A;0006313059;452448;202;Cornetto-Classico;Eis;2.50;19
2025-04-24;14:15;A;0011028660;497092;204;Split;Eis;1.70;19
2025-04-24;14:16;A;0013453952;446397;2;Kaffee;Speisen;0.50;19
2025-04-24;14:16;A;0016407017;483953;205;Calippo-Cola;Eis;1.80;19
2025-04-24;14:25;A;0002999285;40437;204;Split;Eis;1.70;19
2025-04-24;14:26;A;0009740698;40448;207;MAGNUM-CLASSIC;Eis;2.70;19
2025-04-24;14:27;A;0009840658;474727;202;Cornetto-Classico;Eis;2.50;19
2025-04-24;14:31;A;0009891815;421808;206;MAGNUM-ALMOND;Eis;2.70;19
2025-04-24;14:31;A;0007305955;454724;206;MAGNUM-ALMOND;Eis;2.70;19
2025-04-24;14:32;A;0013453952;446397;206;MAGNUM-ALMOND;Eis;2.70;19
2025-04-24;16:59;B;0006186690;475264;2;Kaffee;Speisen;0.50;19
2025-04-24;17:43;B;0006186690;475264;2;Kaffee;Speisen;0.50;19
2025-04-24;19:06;A;0006313059;452448;4002103019107;"Erdinger Alkoholfrei 0.5l";Bier;1.50;19
2025-04-24;20:14;A;0013784702;452447;2;Kaffee;Speisen;0.50;19
2025-04-24;21:06;A;0016352584;250430;4004160005338;"Berliner Pilsner 0,5l";Getränke;1.20;19
2025-04-24;21:16;A;0013784702;452447;87126853;"Coca Cola 0.33l";Getränke;1.10;19
2025-04-24;21:20;A;0007305955;454724;2;Kaffee;Speisen;0.50;19
2025-04-24;21:20;A;0007305955;454724;2;Kaffee;Speisen;0.50;19
2025-04-24;21:21;A;0007305955;454724;4004160005338;"Berliner Pilsner 0,5l";Getränke;1.20;19
2025-04-24;22:22;A;0007305955;454724;4014388001036;"Radeberger Pilsender 0.5l";Bier;1.20;19
2025-04-24;22:55;A;0013784702;452447;4388840215829;"ja! Mineralwasser medium 0.5l";Wasser;0.50;19
2025-04-25;08:53;A;0016352584;250430;2;Kaffee;Speisen;0.50;19
2025-04-25;09:07;A;0016352584;250430;2;Kaffee;Speisen;0.50;19
2025-04-25;09:12;A;0009854787;40488;2;Kaffee;Speisen;0.50;19
2025-04-25;09:37;A;0009839906;40509;2;Kaffee;Speisen;0.50;19
2025-04-25;09:53;A;0009854787;40488;2;Kaffee;Speisen;0.50;19
2025-04-25;09:54;A;0009871926;251686;87126853;"Coca Cola 0.33l";Getränke;1.10;19
2025-04-25;09:54;A;0009871926;251686;87126853;"Coca Cola 0.33l";Getränke;1.10;19
2025-04-25;11:25;B;0009880987;427746;4388810057732;"ja! Mineralwasser classic 0.5l";Wasser;0.50;19
2025-04-25;11:25;B;0009854787;40488;4388810057732;"ja! Mineralwasser classic 0.5l";Wasser;0.50;19
2025-04-25;11:57;A;0009880987;427746;4388840215829;"ja! Mineralwasser medium 0.5l";Wasser;0.50;19
2025-04-25;13:07;A;0006313059;452448;1;Essen;Speisen;5.50;19
2025-04-25;13:08;A;0016352584;250430;1;Essen;Speisen;5.50;19
2025-04-25;13:08;A;0009880987;427746;1;Essen;Speisen;5.50;19
2025-04-25;13:09;A;0016246115;268498;1;Essen;Speisen;5.50;19
2025-04-25;13:10;A;0013784702;452447;1;Essen;Speisen;5.50;19
2025-04-25;13:11;A;0009740698;40448;1;Essen;Speisen;5.50;19
2025-04-25;13:11;A;0009854787;40488;1;Essen;Speisen;5.50;19
2025-04-25;13:11;A;0011028660;497092;4013256642722;"Lichtenauer - medium - 0.5l";Wasser;0.85;19
2025-04-25;13:12;A;0011028660;497092;1;Essen;Speisen;5.50;19
2025-04-25;13:12;A;0009891815;421808;1;Essen;Speisen;5.50;19
2025-04-25;13:12;A;0009871926;251686;1;Essen;Speisen;5.50;19
2025-04-25;13:12;A;0009891815;421808;87126853;"Coca Cola 0.33l";Getränke;1.10;19
2025-04-25;13:13;A;0013433086;421867;1;Essen;Speisen;5.50;19
2025-04-25;13:14;A;0009840658;474727;1;Essen;Speisen;5.50;19
2025-04-25;13:17;A;0006357460;40432;1;Essen;Speisen;5.50;19
2025-04-25;13:17;A;0006357460;40432;2;Kaffee;Speisen;0.50;19
2025-04-25;13:19;A;0016522289;40480;1;Essen;Speisen;5.50;19
2025-04-25;13:19;A;0014252568;442234;1;Essen;Speisen;5.50;19
2025-04-25;13:19;A;0014252568;442234;87126853;"Coca Cola 0.33l";Getränke;1.10;19
2025-04-25;13:20;A;0016522289;40480;4013256642722;"Lichtenauer - medium - 0.5l";Wasser;0.85;19
2025-04-25;13:20;A;0013453952;446397;1;Essen;Speisen;5.50;19
2025-04-25;13:25;A;0006313059;452448;9990000000000;Direktbuchung;Direktbuchung;1.60;19
2025-04-25;13:29;A;0016163833;40478;1;Essen;Speisen;5.50;19
2025-04-25;13:29;A;0016163833;40478;4014472002512;"Bionade Holunder 0.33l";Getränke;1.30;19
2025-04-25;13:31;A;0013784702;452447;203;Snickers;Eis;2.20;19
2025-04-25;13:32;A;0011028660;497092;203;Snickers;Eis;2.20;19
2025-04-25;13:33;A;0009871926;251686;202;"BIG Sandwich";Eis;1.60;19
2025-04-25;13:34;A;0009839906;40509;207;MAGNUM-CLASSIC;Eis;2.70;19
2025-04-25;13:35;A;0006357460;40432;207;MAGNUM-CLASSIC;Eis;2.70;19
2025-04-25;13:45;A;0016163833;40478;9990000000000;Direktbuchung;Direktbuchung;1.60;19
2025-04-25;13:46;A;0016522289;40480;203;Snickers;Eis;2.20;19
2025-04-25;13:51;A;0014252568;442234;203;Snickers;Eis;2.20;19
2025-04-25;14:02;A;0007305955;454724;2;Kaffee;Speisen;0.50;19
2025-04-25;14:02;A;0007305955;454724;2;Kaffee;Speisen;0.50;19
2025-04-25;14:02;A;0007305955;454724;1;Essen;Speisen;5.50;19
2025-04-25;14:56;B;0009854787;40488;87126853;"Coca Cola 0.33l";Getränke;1.10;19
2025-04-25;15:24;B;0014252568;442234;87126853;"Coca Cola 0.33l";Getränke;1.10;19
2025-04-25;15:52;B;0006313059;452448;50112135;"Sprite Zitrone Limette 0.33l";Getränke;1.10;19
2025-04-25;16:01;B;0013784702;452447;2;Kaffee;Speisen;0.50;19
2025-04-25;16:01;B;0013784702;452447;4066600203711;"Limo Orange - Paulaner 0.33l";Getränke;1.00;19
2025-04-25;16:02;B;0013784702;452447;2;Kaffee;Speisen;0.50;19
2025-04-25;16:05;B;0009854787;40488;2;Kaffee;Speisen;0.50;19
2025-04-25;16:05;B;0009854787;40488;2;Kaffee;Speisen;0.50;19
2025-04-25;16:30;B;0009840658;474727;3;Kuchen;Speisen;1.00;19
2025-04-25;16:31;B;0009854787;40488;2;Kaffee;Speisen;0.50;19
2025-04-25;18:51;A;0006313059;452448;208;"BIG Sandwich";Eis;1.60;19
2025-04-25;19:09;A;0016352584;250430;9990000000000;Direktbuchung;Direktbuchung;1.30;19
2025-04-25;19:09;A;0009854787;40488;4002103000013;"Erdinger Weißbier 0.5l";Bier;1.50;19
2025-04-25;19:12;A;0016163833;40478;4002103000013;"Erdinger Weißbier 0.5l";Bier;1.50;19
2025-04-25;19:14;A;0011028660;497092;4066600203711;"Limo Orange - Paulaner 0.33l";Getränke;1.00;19
2025-04-25;19:16;A;0009841728;40530;4014472279198;"Bionade Himbeer-Plaume 0.33l";Getränke;1.30;19
2025-04-25;19:16;A;0009839906;40509;4002103019107;"Erdinger Alkoholfrei 0.5l";Bier;1.50;19
2025-04-25;19:20;A;0007305955;454724;87126853;"Coca Cola 0.33l";Getränke;1.10;19
2025-04-25;19:20;A;0007305955;454724;4004160005338;"Berliner Pilsner 0,5l";Getränke;1.20;19
2025-04-25;19:52;A;0016381852;444796;9990000000000;Direktbuchung;Direktbuchung;10.00;19
2025-04-25;19:52;A;0009854787;40488;4004160005338;"Berliner Pilsner 0,5l";Getränke;1.20;19
2025-04-25;20:10;A;0016381852;444796;203;Snickers;Eis;2.20;19
2025-04-25;20:14;A;0009740698;40448;2;Kaffee;Speisen;0.50;19
2025-04-25;20:14;A;0009740698;40448;2;Kaffee;Speisen;0.50;19
2025-04-25;20:15;A;0009740698;40448;9990000000000;Direktbuchung;Direktbuchung;18.00;19
2025-04-25;20:19;A;0009740698;40448;4002103019107;"Erdinger Alkoholfrei 0.5l";Bier;1.50;19
2025-04-25;20:23;A;0009891815;421808;4004160005338;"Berliner Pilsner 0,5l";Getränke;1.20;19
2025-04-25;20:26;A;0007305955;454724;4004160005338;"Berliner Pilsner 0,5l";Getränke;1.20;19
2025-04-25;21:24;A;0013433086;421867;9990000000000;Direktbuchung;Direktbuchung;16.00;19
2025-04-25;21:24;A;0009880987;427746;9990000000000;Direktbuchung;Direktbuchung;17.00;19
2025-04-25;21:24;A;0009854787;40488;4002103000013;"Erdinger Weißbier 0.5l";Bier;1.50;19
2025-04-25;21:26;A;0009891815;421808;9990000000000;Direktbuchung;Direktbuchung;18.00;19
2025-04-25;21:27;A;0016163833;40478;4002103000013;"Erdinger Weißbier 0.5l";Bier;1.50;19
2025-04-25;21:27;A;0016163833;40478;9990000000000;Direktbuchung;Direktbuchung;1.30;19
2025-04-25;21:32;A;0009854787;40488;9990000000000;Direktbuchung;Direktbuchung;20.00;19
2025-04-25;21:32;A;0007305955;454724;9990000000000;Direktbuchung;Direktbuchung;20.00;19
2025-04-25;21:32;A;0009841728;40530;9990000000000;Direktbuchung;Direktbuchung;18.00;19
2025-04-25;21:33;A;0009871926;251686;9990000000000;Direktbuchung;Direktbuchung;20.00;19
2025-04-25;21:33;A;0016522289;40480;9990000000000;Direktbuchung;Direktbuchung;20.00;19
2025-04-25;21:33;A;0016352584;250430;4004160005338;"Berliner Pilsner 0,5l";Getränke;1.20;19
2025-04-25;21:38;A;0016381852;444796;4066600203711;"Limo Orange - Paulaner 0.33l";Getränke;1.00;19
2025-04-25;21:40;A;0009740698;40448;9990000000000;Direktbuchung;Direktbuchung;2.00;19
2025-04-25;22:07;A;0009880987;427746;4004160005338;"Berliner Pilsner 0,5l";Getränke;1.20;19
2025-04-25;22:23;A;0016163833;40478;9990000000000;Direktbuchung;Direktbuchung;22.00;19
2025-04-25;22:37;A;0009854787;40488;4004160005338;"Berliner Pilsner 0,5l";Getränke;1.20;19
2025-04-25;22:52;A;0016163833;40478;9990000000000;Direktbuchung;Direktbuchung;1.30;19
2025-04-25;22:53;A;0016352584;250430;9990000000000;Direktbuchung;Direktbuchung;1.30;19
2025-04-25;23:28;A;0016332365;40535;4013256642722;"Lichtenauer - medium - 0.5l";Wasser;0.85;19
2025-04-25;23:45;A;0016163833;40478;4002103019107;"Erdinger Alkoholfrei 0.5l";Bier;1.50;19
2025-04-26;00:26;A;0008016950;420243;4014388001036;"Radeberger Pilsender 0.5l";Bier;1.20;19
2025-04-26;00:39;A;0016163833;40478;9990000000000;Direktbuchung;Direktbuchung;1.30;19
2025-04-26;08:45;A;0016352584;250430;2;Kaffee;Speisen;0.50;19
2025-04-26;08:48;A;0016522289;40480;2;Kaffee;Speisen;0.50;19
2025-04-26;08:48;A;0016522289;40480;9990000000000;Direktbuchung;Direktbuchung;1.20;19
2025-04-26;08:48;A;0016060546;40427;2;Kaffee;Speisen;0.50;19
2025-04-26;08:56;A;0009854787;40488;2;Kaffee;Speisen;0.50;19
2025-04-26;09:00;A;0016352584;250430;2;Kaffee;Speisen;0.50;19
2025-04-26;09:00;A;0016163833;40478;2;Kaffee;Speisen;0.50;19
2025-04-26;09:11;A;0009825902;40544;2;Kaffee;Speisen;0.50;19
2025-04-26;09:12;A;0009839906;40509;2;Kaffee;Speisen;0.50;19
2025-04-26;09:13;A;0016352584;250430;2;Kaffee;Speisen;0.50;19
2025-04-26;09:15;A;0016163833;40478;2;Kaffee;Speisen;0.50;19
2025-04-26;09:37;A;0016526365;68309;4463300210009;"ICAO Wettbewerbskarte Mitglied";Merchendise;12.00;19
2025-04-26;09:37;A;0016526365;68309;2;Kaffee;Speisen;0.50;19
2025-04-26;09:40;A;0009854787;40488;2;Kaffee;Speisen;0.50;19
2025-04-26;09:41;A;0009891815;421808;4463300210009;"ICAO Wettbewerbskarte Mitglied";Merchendise;12.00;19
2025-04-26;09:43;A;0016226391;406509;2;Kaffee;Speisen;0.50;19
2025-04-26;09:56;A;0006353759;460336;2;Kaffee;Speisen;0.50;19
2025-04-26;10:21;A;0009891815;421808;2;Kaffee;Speisen;0.50;19
2025-04-26;11:45;A;0004555971;5237;2;Kaffee;Speisen;0.50;19
2025-04-26;11:45;A;0004555971;5237;2;Kaffee;Speisen;0.50;19
2025-04-26;12:13;A;0016226391;406509;2;Kaffee;Speisen;0.50;19
2025-04-26;12:22;A;0016339774;40428;1;Essen;Speisen;5.00;19
2025-04-26;12:23;A;0016339774;40428;1;Essen;Speisen;5.00;19
2025-04-26;12:23;A;0013433086;421867;1;Essen;Speisen;5.00;19
2025-04-26;12:25;A;0016055761;40429;87126853;"Coca Cola 0.33l";Getränke;1.10;19
2025-04-26;12:33;A;0006357460;40432;4388840215829;"ja! Mineralwasser medium 0.5l";Wasser;0.50;19
2025-04-26;12:46;A;0014332988;40422;1;Essen;Speisen;5.00;19
2025-04-26;12:55;A;0016332365;40535;1;Essen;Speisen;5.00;19
2025-04-26;13:06;A;0009871926;251686;1;Essen;Speisen;5.00;19
2025-04-26;13:06;A;0009871926;251686;1;Essen;Speisen;5.00;19
2025-04-26;13:06;A;0009854787;40488;1;Essen;Speisen;5.00;19
2025-04-26;13:07;A;0016163833;40478;1;Essen;Speisen;5.00;19
2025-04-26;13:07;A;0016163833;40478;4014472002512;"Bionade Holunder 0.33l";Getränke;1.30;19
2025-04-26;13:10;A;0016163833;40478;1;Essen;Speisen;5.00;19
2025-04-26;13:11;A;0016352584;250430;1;Essen;Speisen;5.00;19
2025-04-26;13:12;A;0016381852;444796;1;Essen;Speisen;5.00;19
2025-04-26;13:12;A;0016381852;444796;87126853;"Coca Cola 0.33l";Getränke;1.10;19
2025-04-26;13:13;A;0008016950;420243;1;Essen;Speisen;5.00;19
2025-04-26;13:14;A;0006333307;448475;1;Essen;Speisen;5.00;19
2025-04-26;13:14;A;0009825902;40544;1;Essen;Speisen;5.00;19
2025-04-26;13:14;A;0009825902;40544;87126853;"Coca Cola 0.33l";Getränke;1.10;19
2025-04-26;13:15;A;0016522289;40480;4388840215829;"ja! Mineralwasser medium 0.5l";Wasser;0.50;19
2025-04-26;13:15;A;0016522289;40480;1;Essen;Speisen;5.00;19
2025-04-26;13:15;A;0016226391;406509;4388840215829;"ja! Mineralwasser medium 0.5l";Wasser;0.50;19
2025-04-26;13:16;A;0014332988;40422;2;Kaffee;Speisen;0.50;19
2025-04-26;13:18;A;0016226391;406509;1;Essen;Speisen;5.00;19
2025-04-26;13:21;A;0009840658;474727;87126853;"Coca Cola 0.33l";Getränke;1.10;19
2025-04-26;13:21;A;0009840658;474727;1;Essen;Speisen;5.00;19
2025-04-26;13:22;A;0006353759;460336;1;Essen;Speisen;5.00;19
2025-04-26;13:22;A;0006353759;460336;87126853;"Coca Cola 0.33l";Getränke;1.10;19
2025-04-26;13:22;A;0009841728;40530;1;Essen;Speisen;5.00;19
2025-04-26;13:24;A;0009854787;40488;87126853;"Coca Cola 0.33l";Getränke;1.10;19
2025-04-26;13:24;A;0009854787;40488;87126853;"Coca Cola 0.33l";Getränke;1.10;19
2025-04-26;13:26;A;0002999285;40437;1;Essen;Speisen;5.00;19
2025-04-26;13:26;A;0002999285;40437;4066600203711;"Limo Orange - Paulaner 0.33l";Getränke;1.00;19
2025-04-26;13:30;A;0002999285;40437;87126853;"Coca Cola 0.33l";Getränke;1.10;19
2025-04-26;13:33;A;0016522289;40480;202;Cornetto-Classico;Eis;2.50;19
2025-04-26;13:35;A;0009871926;251686;208;"BIG Sandwich";Eis;1.60;19
2025-04-26;13:36;A;0009841728;40530;2;Kaffee;Speisen;0.50;19
2025-04-26;13:51;A;0016381852;444796;205;Calippo-Cola;Eis;1.80;19
2025-04-26;13:51;A;0002999285;40437;204;Split;Eis;1.70;19
2025-04-26;15:07;B;0009854787;40488;87126853;"Coca Cola 0.33l";Getränke;1.10;19
2025-04-26;15:07;B;0009854787;40488;9990000000000;Direktbuchung;Direktbuchung;0.50;19
2025-04-26;15:08;B;0009841728;40530;2;Kaffee;Speisen;0.50;19
2025-04-26;15:10;B;0009840658;474727;3;Kuchen;Speisen;1.00;19
2025-04-26;15:10;B;0016381852;444796;2;Kaffee;Speisen;0.50;19
2025-04-26;15:10;B;0016381852;444796;2;Kaffee;Speisen;0.50;19
2025-04-26;15:28;A;0009871926;251686;4014472279198;"Bionade Himbeer-Plaume 0.33l";Getränke;1.30;19
2025-04-26;15:47;B;0016522289;40480;2;Kaffee;Speisen;0.50;19
2025-04-26;15:49;B;0009854787;40488;2;Kaffee;Speisen;0.50;19
2025-04-26;16:16;B;0002999285;40437;2;Kaffee;Speisen;0.50;19
2025-04-26;16:19;B;0016381852;444796;87126853;"Coca Cola 0.33l";Getränke;1.10;19
2025-04-26;16:21;A;0004555971;5237;207;MAGNUM-CLASSIC;Eis;2.70;19
2025-04-26;16:28;A;0009871926;251686;206;MAGNUM-ALMOND;Eis;2.70;19
2025-04-26;16:30;A;0016163833;40478;208;"BIG Sandwich";Eis;1.60;19
2025-04-26;17:51;B;0009840658;474727;50112135;"Sprite Zitrone Limette 0.33l";Getränke;1.10;19
2025-04-26;18:46;A;0016522289;40480;9990000000000;Direktbuchung;Direktbuchung;1.20;19
2025-04-26;19:04;A;0016526365;68309;4002103019107;"Erdinger Alkoholfrei 0.5l";Bier;1.50;19
2025-04-26;19:04;A;0016526365;68309;4014388001036;"Radeberger Pilsender 0.5l";Bier;1.20;19
2025-04-26;19:08;A;0016226391;406509;4388840215829;"ja! Mineralwasser medium 0.5l";Wasser;0.50;19
2025-04-26;19:20;A;0009825902;40544;4002103000013;"Erdinger Weißbier 0.5l";Bier;1.50;19
2025-04-26;19:26;A;0003037083;424547;4002103000013;"Erdinger Weißbier 0.5l";Bier;1.50;19
2025-04-26;19:28;A;0016163833;40478;4014388001036;"Radeberger Pilsender 0.5l";Bier;1.20;19
2025-04-26;19:28;A;0016163833;40478;4260386220331;"Fläminger Radler 0.33l";Bier;1.10;19
2025-04-26;19:28;A;0016163833;40478;4002103000013;"Erdinger Weißbier 0.5l";Bier;1.50;19
2025-04-26;19:43;A;0016163833;40478;4260386220331;"Fläminger Radler 0.33l";Bier;1.10;19
2025-04-26;19:54;A;0009841728;40530;4014388001036;"Radeberger Pilsender 0.5l";Bier;1.20;19
2025-04-26;19:54;A;0002999285;40437;4014388001036;"Radeberger Pilsender 0.5l";Bier;1.20;19
2025-04-26;19:55;A;0006353759;460336;4002103000013;"Erdinger Weißbier 0.5l";Bier;1.50;19
2025-04-26;19:55;A;0006353759;460336;2;Kaffee;Speisen;0.50;19
2025-04-26;19:57;A;0016163833;40478;4002103000013;"Erdinger Weißbier 0.5l";Bier;1.50;19
2025-04-26;20:12;A;0006357460;40432;4463300210009;"ICAO Wettbewerbskarte Mitglied";Merchendise;12.00;19
2025-04-26;20:13;A;0016060546;40427;4002103000013;"Erdinger Weißbier 0.5l";Bier;1.50;19
2025-04-26;20:19;A;0016522289;40480;4004160005338;"Berliner Pilsner 0.5l";Getränke;1.20;19
2025-04-26;20:37;A;0011028660;497092;50112135;"Sprite Zitrone Limette 0.33l";Getränke;1.10;19
2025-04-26;21:42;A;0016381852;444796;4066600203711;"Limo Orange - Paulaner 0.33l";Getränke;1.00;19
2025-04-26;21:47;A;0006333307;448475;4002103000013;"Erdinger Weißbier 0.5l";Bier;1.50;19
2025-04-26;22:01;A;0009840658;474727;87126853;"Coca Cola 0.33l";Getränke;1.10;19
2025-04-26;22:02;A;0016332365;40535;2;Kaffee;Speisen;0.50;19
2025-04-26;22:02;A;0016332365;40535;2;Kaffee;Speisen;0.50;19
2025-04-26;22:03;A;0008016950;420243;4002103000013;"Erdinger Weißbier 0.5l";Bier;1.50;19
2025-04-26;22:03;A;0016332365;40535;4002103019107;"Erdinger Alkoholfrei 0.5l";Bier;1.50;19
2025-04-26;22:54;A;0016352584;250430;4004160005338;"Berliner Pilsner 0.5l";Getränke;1.20;19
2025-04-26;22:54;A;0016163833;40478;4008948027000;"Jever Pils 0.5l";Bier;1.30;19
2025-04-26;23:00;A;0004555971;5237;4014472279198;"Bionade Himbeer-Plaume 0.33l";Getränke;1.30;19
2025-04-26;23:01;A;0009854787;40488;4014472279198;"Bionade Himbeer-Plaume 0.33l";Getränke;1.30;19
2025-04-26;23:05;A;0009880987;427746;4002103000013;"Erdinger Weißbier 0.5l";Bier;1.50;19
2025-04-27;08:26;A;0016526365;68309;2;Kaffee;Speisen;0.50;19
2025-04-27;08:27;A;0016163833;40478;2;Kaffee;Speisen;0.50;19
2025-04-27;08:27;A;0004555971;5237;2;Kaffee;Speisen;0.50;19
2025-04-27;08:29;A;0016352584;250430;2;Kaffee;Speisen;0.50;19
2025-04-27;08:30;A;0016522289;40480;2;Kaffee;Speisen;0.50;19
2025-04-27;08:37;A;0009854787;40488;2;Kaffee;Speisen;0.50;19
2025-04-27;08:37;A;0016352584;250430;2;Kaffee;Speisen;0.50;19
2025-04-27;08:40;A;0016332365;40535;2;Kaffee;Speisen;0.50;19
2025-04-27;08:45;A;0016233192;40537;2;Kaffee;Speisen;0.50;19
2025-04-27;08:50;A;0016332365;40535;2;Kaffee;Speisen;0.50;19
2025-04-27;08:50;A;0016352584;250430;2;Kaffee;Speisen;0.50;19
2025-04-27;08:51;A;0004555971;5237;2;Kaffee;Speisen;0.50;19
2025-04-27;08:51;A;0004555971;5237;2;Kaffee;Speisen;0.50;19
2025-04-27;08:51;A;0006092882;475635;2;Kaffee;Speisen;0.50;19
2025-04-27;08:59;A;0016332365;40535;2;Kaffee;Speisen;0.50;19
2025-04-27;09:02;A;0009854787;40488;2;Kaffee;Speisen;0.50;19
2025-04-27;09:05;A;0016339774;40428;2;Kaffee;Speisen;0.50;19
2025-04-27;09:05;A;0016339774;40428;2;Kaffee;Speisen;0.50;19
2025-04-27;09:13;A;0006333307;448475;2;Kaffee;Speisen;0.50;19
2025-04-27;09:34;A;0009825902;40544;4388810057732;"ja! Mineralwasser classic 0.5l";Wasser;0.50;19
2025-04-27;09:56;A;0016381852;444796;9990000000000;Direktbuchung;Direktbuchung;2.00;19
2025-04-27;09:59;A;0016233192;40537;4463300210009;"ICAO Wettbewerbskarte Mitglied";Merchendise;12.00;19
2025-04-27;10:29;A;0006092882;475635;206;MAGNUM-ALMOND;Eis;2.70;19
2025-04-27;10:29;A;0006092882;475635;203;"Snickers ice cream";Eis;2.20;19
2025-04-27;10:29;A;0006092882;475635;2;Kaffee;Speisen;0.50;19
2025-04-27;10:44;A;0003037083;424547;87126853;"Coca Cola 0.33l";Getränke;1.10;19
2025-04-27;10:44;A;0003037083;424547;87126853;"Coca Cola 0.33l";Getränke;1.10;19
2025-04-27;10:54;A;0016381852;444796;87126853;"Coca Cola 0.33l";Getränke;1.10;19
2025-04-27;11:52;A;0014252568;442234;87126853;"Coca Cola 0.33l";Getränke;1.10;19
2025-04-27;12:27;A;0016526365;68309;2;Kaffee;Speisen;0.50;19
2025-04-27;12:52;A;0016339774;40428;1;Essen;Speisen;6.00;19
2025-04-27;12:52;B;0013784702;452447;4388840215829;"ja! Mineralwasser medium 0.5l";Wasser;0.50;19
2025-04-27;12:52;A;0016339774;40428;87126853;"Coca Cola 0.33l";Getränke;1.10;19
2025-04-27;12:53;B;0009840658;474727;87126853;"Coca Cola 0.33l";Getränke;1.10;19
2025-04-27;12:53;A;0016339774;40428;1;Essen;Speisen;6.00;19
2025-04-27;12:57;A;0016381852;444796;1;Essen;Speisen;6.00;19
2025-04-27;12:57;A;0016381852;444796;87126853;"Coca Cola 0.33l";Getränke;1.10;19
2025-04-27;13:00;A;0016163833;40478;1;Essen;Speisen;6.00;19
2025-04-27;13:00;A;0016163833;40478;4066600203711;"Limo Orange - Paulaner 0.33l";Getränke;1.00;19
2025-04-27;13:03;A;0014332988;40422;1;Essen;Speisen;6.00;19
2025-04-27;13:03;A;0014332988;40422;2;Kaffee;Speisen;0.50;19
2025-04-27;13:07;A;0016526365;68309;1;Essen;Speisen;6.00;19
2025-04-27;13:15;A;0006333307;448475;1;Essen;Speisen;6.00;19
2025-04-27;13:17;A;0016526365;68309;87126853;"Coca Cola 0.33l";Getränke;1.10;19
2025-04-27;13:18;A;0016163833;40478;208;"BIG Sandwich";Eis;1.60;19
2025-04-27;13:21;B;0009854787;40488;87126853;"Coca Cola 0.33l";Getränke;1.10;19
2025-04-27;13:22;B;0002999285;40437;4388840215829;"ja! Mineralwasser medium 0.5l";Wasser;0.50;19
2025-04-27;13:27;A;0013784702;452447;1;Essen;Speisen;6.00;19
2025-04-27;13:29;A;0008016950;420243;1;Essen;Speisen;6.00;19
2025-04-27;13:30;A;0009840658;474727;1;Essen;Speisen;6.00;19
2025-04-27;13:32;A;0014252568;442234;1;Essen;Speisen;6.00;19
2025-04-27;13:32;A;0014252568;442234;87126853;"Coca Cola 0.33l";Getränke;1.10;19
2025-04-27;13:32;A;0009840658;474727;87126853;"Coca Cola 0.33l";Getränke;1.10;19
2025-04-27;13:43;A;0014252568;442234;203;"Snickers ice cream";Eis;2.20;19
2025-04-27;13:51;A;0016522289;40480;1;Essen;Speisen;6.00;19
2025-04-27;13:51;A;0016522289;40480;4388810057732;"ja! Mineralwasser classic 0.5l";Wasser;0.50;19
2025-04-27;13:51;A;0011028660;497092;1;Essen;Speisen;6.00;19
2025-04-27;13:51;A;0011028660;497092;4066600203711;"Limo Orange - Paulaner 0.33l";Getränke;1.00;19
2025-04-27;13:53;A;0009854787;40488;1;Essen;Speisen;6.00;19
2025-04-27;13:54;A;0009841728;40530;1;Essen;Speisen;6.00;19
2025-04-27;13:55;A;0016226391;406509;1;Essen;Speisen;6.00;19
2025-04-27;13:57;A;0016332365;40535;1;Essen;Speisen;6.00;19
2025-04-27;14:01;A;0009825902;40544;1;Essen;Speisen;6.00;19
2025-04-27;14:01;A;0009825902;40544;87126853;"Coca Cola 0.33l";Getränke;1.10;19
2025-04-27;14:01;A;0006186690;475264;1;Essen;Speisen;6.00;19
2025-04-27;14:04;A;0016226391;406509;2;Kaffee;Speisen;0.50;19
2025-04-27;14:05;A;0016226391;406509;4388810057732;"ja! Mineralwasser classic 0.5l";Wasser;0.50;19
2025-04-27;14:05;A;0009841728;40530;2;Kaffee;Speisen;0.50;19
2025-04-27;14:05;A;0008016950;420243;2;Kaffee;Speisen;0.50;19
2025-04-27;14:06;A;0011028660;497092;204;Split;Eis;1.70;19
2025-04-27;14:06;A;0016522289;40480;202;Cornetto-Classico;Eis;2.50;19
2025-04-27;14:12;A;0016332365;40535;2;Kaffee;Speisen;0.50;19
2025-04-27;14:12;A;0016332365;40535;2;Kaffee;Speisen;0.50;19
2025-04-27;14:12;A;0006186690;475264;2;Kaffee;Speisen;0.50;19
2025-04-27;14:19;A;0016332365;40535;2;Kaffee;Speisen;0.50;19
2025-04-27;14:19;A;0016332365;40535;2;Kaffee;Speisen;0.50;19
2025-04-27;14:28;A;0016332365;40535;2;Kaffee;Speisen;0.50;19
2025-04-27;14:45;A;0006333307;448475;2;Kaffee;Speisen;0.50;19
2025-04-27;15:12;A;0006343943;485462;1;Essen;Speisen;6.00;19
2025-04-27;15:12;B;0009854787;40488;87126853;"Coca Cola 0.33l";Getränke;1.10;19
2025-04-27;16:09;A;0016381852;444796;90357879;"Cola Zero 0.33l";Getränke;1.10;19
2025-04-27;16:09;A;0016381852;444796;207;MAGNUM-CLASSIC;Eis;2.70;19
2025-04-27;16:12;B;0006186690;475264;4066600203711;"Limo Orange - Paulaner 0.33l";Getränke;1.00;19
2025-04-27;16:30;B;0014252568;442234;208;"BIG Sandwich";Eis;1.60;19
2025-04-27;17:15;A;0016163833;40478;4002103000013;"Erdinger Weißbier 0.5l";Bier;1.50;19
2025-04-27;17:25;B;0013784702;452447;87126853;"Coca Cola 0.33l";Getränke;1.10;19
2025-04-27;18:15;A;0009854787;40488;4002103000013;"Erdinger Weißbier 0.5l";Bier;1.50;19
2025-04-27;18:15;A;0016352584;250430;1;Essen;Speisen;6.00;19
2025-04-27;18:26;A;0013784702;452447;9990000000000;Direktbuchung;Direktbuchung;6.50;19
2025-04-27;18:26;A;0009840658;474727;9990000000000;Direktbuchung;Direktbuchung;6.50;19
2025-04-27;18:49;A;0016332365;40535;2;Kaffee;Speisen;0.50;19
2025-04-27;18:49;A;0016332365;40535;2;Kaffee;Speisen;0.50;19
2025-04-27;19:22;A;0014252568;442234;1;Essen;Speisen;6.00;19
2025-04-27;19:22;A;0014252568;442234;9990000000000;Direktbuchung;Direktbuchung;10.00;19
2025-04-27;19:24;A;0016163833;40478;4004160005338;"Berliner Pilsner 0.5l";Getränke;1.20;19
2025-04-30;19:00;A;0009854787;40488;4002103000013;"Erdinger Weißbier 0.5l";Bier;1.50;19
2025-04-30;19:09;A;0016163833;40478;4008948027000;"Jever Pils 0.5l";Bier;1.30;19
2025-04-30;20:24;A;0016163833;40478;4002103000013;"Erdinger Weißbier 0.5l";Bier;1.50;19
2025-04-30;23:09;A;0016163833;40478;4008948027000;"Jever Pils 0.5l";Bier;1.30;19
2025-05-01;08:15;A;0016163833;40478;2;Kaffee;Speisen;0.50;19
2025-05-01;08:15;A;0016060546;40427;2;Kaffee;Speisen;0.50;19
2025-05-01;08:17;A;0016332365;40535;2;Kaffee;Speisen;0.50;19
2025-05-01;08:18;A;0016233192;40537;2;Kaffee;Speisen;0.50;19
2025-05-01;08:40;A;0006145532;40463;2;Kaffee;Speisen;0.50;19
2025-05-01;08:41;A;0016332365;40535;2;Kaffee;Speisen;0.50;19
2025-05-01;08:46;A;0009854787;40488;2;Kaffee;Speisen;0.50;19
2025-05-01;08:49;A;0016332365;40535;2;Kaffee;Speisen;0.50;19
2025-05-01;09:01;A;0008016950;420243;2;Kaffee;Speisen;0.50;19
2025-05-01;09:01;A;0006145532;40463;2;Kaffee;Speisen;0.50;19
2025-05-01;09:15;A;0016233192;40537;2;Kaffee;Speisen;0.50;19
2025-05-01;09:16;A;0009839906;40509;2;Kaffee;Speisen;0.50;19
2025-05-01;09:17;A;0016163833;40478;2;Kaffee;Speisen;0.50;19
2025-05-01;09:18;A;0009871926;251686;2;Kaffee;Speisen;0.50;19
2025-05-01;09:42;A;0009854787;40488;4388810057732;"ja! Mineralwasser classic 0.5l";Wasser;0.50;19
2025-05-01;09:42;A;0009854787;40488;4388810057732;"ja! Mineralwasser classic 0.5l";Wasser;0.50;19
2025-05-01;09:42;A;0009854787;40488;4388810057732;"ja! Mineralwasser classic 0.5l";Wasser;0.50;19
2025-05-01;09:43;A;0016332365;40535;2;Kaffee;Speisen;0.50;19
2025-05-01;09:48;A;0009871926;251686;4463300210009;"ICAO Wettbewerbskarte Mitglied";Merchendise;12.00;19
2025-05-01;15:48;X;0014252568;442234;2;Kaffee2;Speisen;0.50;19
2025-05-01;15:48;X;0014252568;442234;2;Kaffee2;Speisen;0.50;19
2025-05-01;15:49;X;0014252568;442234;9990000000000;Direktbuchung;Direktbuchung;5.00;19
